-- --------------------------------------------------------
-- Host:                         195.235.211.197
-- Versión del servidor:         10.6.16-MariaDB-0ubuntu0.22.04.1-log - Ubuntu 22.04
-- SO del servidor:              debian-linux-gnu
-- HeidiSQL Versión:             12.6.0.6765
-- --------------------------------------------------------

/*!40101 SET @OLD_CHARACTER_SET_CLIENT=@@CHARACTER_SET_CLIENT */;
/*!40101 SET NAMES utf8 */;
/*!50503 SET NAMES utf8mb4 */;
/*!40103 SET @OLD_TIME_ZONE=@@TIME_ZONE */;
/*!40103 SET TIME_ZONE='+00:00' */;
/*!40014 SET @OLD_FOREIGN_KEY_CHECKS=@@FOREIGN_KEY_CHECKS, FOREIGN_KEY_CHECKS=0 */;
/*!40101 SET @OLD_SQL_MODE=@@SQL_MODE, SQL_MODE='NO_AUTO_VALUE_ON_ZERO' */;
/*!40111 SET @OLD_SQL_NOTES=@@SQL_NOTES, SQL_NOTES=0 */;


-- Volcando estructura de base de datos para piizensorium
CREATE DATABASE IF NOT EXISTS `piizensorium` /*!40100 DEFAULT CHARACTER SET utf8mb4 COLLATE utf8mb4_general_ci */;
USE `piizensorium`;

-- Volcando estructura para tabla piizensorium.conversaciones
CREATE TABLE IF NOT EXISTS `conversaciones` (
  `id_conversacion` int(11) NOT NULL AUTO_INCREMENT,
  `id_e` int(255) NOT NULL,
  `id_r` int(255) NOT NULL,
  `texto` text NOT NULL,
  `fecha_envio` timestamp NOT NULL DEFAULT current_timestamp() ON UPDATE current_timestamp(),
  PRIMARY KEY (`id_conversacion`)
) ENGINE=InnoDB AUTO_INCREMENT=27 DEFAULT CHARSET=utf8mb4 COLLATE=utf8mb4_general_ci;

-- Volcando datos para la tabla piizensorium.conversaciones: ~26 rows (aproximadamente)
INSERT INTO `conversaciones` (`id_conversacion`, `id_e`, `id_r`, `texto`, `fecha_envio`) VALUES
	(1, 10, 7, '', '2024-05-26 15:15:23'),
	(2, 7, 19, '', '2024-05-26 15:16:20'),
	(3, 11, 6, '', '2024-05-26 15:17:08'),
	(4, 6, 18, '', '2024-05-26 15:17:37'),
	(5, 12, 5, '', '2024-05-26 15:18:06'),
	(6, 5, 15, '', '2024-05-26 15:18:38'),
	(7, 13, 4, '', '2024-05-26 15:19:01'),
	(8, 4, 15, '', '2024-05-26 15:19:31'),
	(9, 14, 3, '', '2024-05-26 15:19:56'),
	(10, 3, 17, '', '2024-05-26 15:20:18'),
	(11, 3, 14, 'hola', '2024-05-26 16:02:02'),
	(12, 11, 6, 'hola', '2024-05-26 16:18:18'),
	(13, 11, 6, 'que tal', '2024-05-26 16:18:33'),
	(14, 3, 17, 'hola que tal', '2024-05-26 16:50:43'),
	(15, 3, 17, 'adios', '2024-05-26 16:51:10'),
	(16, 17, 3, 'aaa', '2024-05-26 16:52:52'),
	(17, 3, 14, 'muy bien', '2024-05-26 18:00:11'),
	(18, 17, 3, 'holaaa', '2024-05-27 14:42:55'),
	(19, 13, 4, 'hola', '2024-05-27 16:32:18'),
	(20, 4, 13, 'que tal', '2024-05-27 16:33:23'),
	(21, 13, 4, 'holaaa', '2024-05-27 16:39:43'),
	(22, 4, 13, 'helloooo', '2024-05-27 16:39:56'),
	(23, 1, 19, '', '2024-05-27 18:17:34'),
	(24, 1, 19, 'hola', '2024-05-27 18:17:50'),
	(25, 1, 19, 'que tal todo', '2024-05-27 19:00:29'),
	(26, 1, 19, 'todo bien por allí ??', '2024-05-27 19:07:19');

-- Volcando estructura para tabla piizensorium.dispositivos
CREATE TABLE IF NOT EXISTS `dispositivos` (
  `id_dispo` bigint(20) NOT NULL AUTO_INCREMENT,
  `id_sensor` bigint(20) NOT NULL,
  `id_usu_relacionado` bigint(20) NOT NULL,
  `estado` tinyint(1) NOT NULL,
  `tipo` varchar(255) NOT NULL,
  `nombre` varchar(255) NOT NULL,
  `fecha_creacion` timestamp NOT NULL DEFAULT current_timestamp() ON UPDATE current_timestamp(),
  PRIMARY KEY (`id_dispo`),
  KEY `id_usu_relacionado` (`id_usu_relacionado`),
  KEY `id_sensor` (`id_sensor`),
  CONSTRAINT `dispositivos_ibfk_1` FOREIGN KEY (`id_usu_relacionado`) REFERENCES `usuario` (`id_user`),
  CONSTRAINT `dispositivos_ibfk_2` FOREIGN KEY (`id_sensor`) REFERENCES `sensores` (`id_sensor`)
) ENGINE=InnoDB AUTO_INCREMENT=58 DEFAULT CHARSET=utf8mb4 COLLATE=utf8mb4_general_ci;

-- Volcando datos para la tabla piizensorium.dispositivos: ~56 rows (aproximadamente)
INSERT INTO `dispositivos` (`id_dispo`, `id_sensor`, `id_usu_relacionado`, `estado`, `tipo`, `nombre`, `fecha_creacion`) VALUES
	(1, 1, 1, 0, 'Aire', 'Aire Acondicionado Cocina', '2024-05-26 15:13:48'),
	(2, 2, 1, 0, 'Humidificador', 'Humidificador Salon', '2024-05-26 15:13:48'),
	(3, 3, 1, 0, 'Luz', 'Luz Habitacion 1', '2024-05-26 15:13:48'),
	(4, 4, 1, 0, 'Persiana', 'Persiana Habitacion 2', '2024-05-27 18:16:43'),
	(5, 5, 2, 0, 'Aire', 'Aire Acondicionado Habitacion 1', '2024-05-26 15:13:48'),
	(6, 6, 2, 0, 'Humidificador', 'Humidificador Salon 2', '2024-05-26 15:13:48'),
	(7, 7, 2, 0, 'Luz', 'Luz Habitacion 2', '2024-05-26 15:13:48'),
	(8, 9, 2, 0, 'Persiana', 'Persiana Habitacion 3', '2024-05-26 15:13:48'),
	(9, 10, 3, 0, 'Aire', 'Aire Acondicionado Habitacion 2', '2024-05-26 15:13:48'),
	(10, 11, 3, 0, 'Humidificador', 'Humidificador Salon 3', '2024-05-26 15:13:48'),
	(11, 12, 3, 0, 'Luz', 'Luz Habitacion 3', '2024-05-26 15:13:48'),
	(12, 13, 3, 0, 'Persiana', 'Persiana Habitacion 4', '2024-05-26 15:13:48'),
	(13, 14, 4, 0, 'Aire', 'Aire Acondicionado Habitacion 3', '2024-05-26 15:13:48'),
	(14, 15, 4, 0, 'Humidificador', 'Humidificador Salon 4', '2024-05-26 15:13:48'),
	(15, 17, 4, 0, 'Luz', 'Luz Habitacion 4', '2024-05-26 15:13:48'),
	(16, 18, 4, 0, 'Persiana', 'Persiana Habitacion 5', '2024-05-26 15:13:48'),
	(17, 19, 5, 0, 'Aire', 'Aire Acondicionado Habitacion 4', '2024-05-26 15:13:48'),
	(18, 20, 5, 0, 'Humidificador', 'Humidificador Salon 5', '2024-05-26 15:13:48'),
	(19, 21, 5, 0, 'Luz', 'Luz Habitacion 5', '2024-05-26 15:13:48'),
	(20, 22, 5, 0, 'Persiana', 'Persiana Habitacion 6', '2024-05-26 15:13:48'),
	(21, 23, 6, 0, 'Aire', 'Aire Acondicionado Habitacion 5', '2024-05-26 15:13:48'),
	(22, 25, 6, 0, 'Humidificador', 'Humidificador Salon 6', '2024-05-26 15:13:48'),
	(23, 26, 6, 0, 'Luz', 'Luz Habitacion 6', '2024-05-26 15:13:48'),
	(24, 27, 6, 0, 'Persiana', 'Persiana Habitacion 7', '2024-05-26 15:13:48'),
	(25, 28, 7, 0, 'Aire', 'Aire Acondicionado Habitacion 6', '2024-05-26 15:13:48'),
	(26, 30, 7, 0, 'Humidificador', 'Humidificador Salon 7', '2024-05-26 15:13:48'),
	(27, 31, 7, 0, 'Luz', 'Luz Habitacion 7', '2024-05-26 15:13:48'),
	(28, 32, 7, 0, 'Persiana', 'Persiana Garaje', '2024-05-26 15:13:48'),
	(29, 33, 8, 0, 'Aire', 'Aire Acondicionado Sala 1', '2024-05-26 15:13:48'),
	(30, 34, 8, 0, 'Humidificador', 'Humidificador Garaje', '2024-05-26 15:13:48'),
	(31, 35, 8, 0, 'Luz', 'Luz Patio', '2024-05-26 15:13:48'),
	(32, 36, 8, 0, 'Persiana', 'Persiana Sala Juegos', '2024-05-26 15:13:48'),
	(33, 37, 9, 0, 'Aire', 'Aire Acondicionado Sala de Estar', '2024-05-26 15:13:48'),
	(34, 38, 9, 0, 'Humidificador', 'Humidificador Ba?o', '2024-05-26 15:13:48'),
	(35, 39, 9, 0, 'Luz', 'Luz Balcon', '2024-05-26 15:13:48'),
	(36, 40, 9, 0, 'Persiana', 'Persiana Habitacion Peque?a', '2024-05-26 15:13:48'),
	(37, 41, 10, 0, 'Aire', 'Aire Acondicionado Sala de Juegos', '2024-05-27 19:04:17'),
	(38, 42, 10, 0, 'Humidificador', 'Humidificador Cocina', '2024-05-27 18:59:31'),
	(39, 43, 10, 0, 'Luz', 'Luz Terraza', '2024-05-26 15:13:48'),
	(40, 44, 10, 0, 'Persiana', 'Persiana Cocina', '2024-05-26 15:13:49'),
	(41, 45, 11, 0, 'Aire', 'Aire Acondicionado Habitacion Grande', '2024-05-26 15:13:49'),
	(42, 47, 11, 0, 'Humidificador', 'Humidificador Habitacion Grande', '2024-05-26 15:13:49'),
	(43, 48, 11, 0, 'Luz', 'Luz Habitacion Grande', '2024-05-26 15:13:49'),
	(44, 49, 11, 0, 'Persiana', 'Persiana Habitacion Grande', '2024-05-26 15:13:49'),
	(45, 50, 12, 0, 'Aire', 'Aire Acondicionado Cocina 2', '2024-05-26 15:13:49'),
	(46, 51, 12, 0, 'Humidificador', 'Humidificador Habitacion Ni?os', '2024-05-26 15:13:49'),
	(47, 52, 12, 0, 'Luz', 'Luz Habitacion Ni?os', '2024-05-26 15:13:49'),
	(48, 53, 12, 0, 'Persiana', 'Persiana Habitacion Ni?os', '2024-05-26 15:13:49'),
	(49, 54, 13, 0, 'Aire', 'Aire Acondicionado Cocina Grande', '2024-05-26 15:13:49'),
	(50, 55, 13, 0, 'Humidificador', 'Humidificador Habitacion Padres', '2024-05-26 15:13:49'),
	(51, 56, 13, 0, 'Luz', 'Luz Habitacion Padres', '2024-05-26 15:13:49'),
	(52, 57, 13, 0, 'Persiana', 'Persiana Habitacion Padres', '2024-05-26 15:13:49'),
	(53, 58, 14, 0, 'Aire', 'Aire Acondicionado Habitacion Abuelos', '2024-05-26 15:13:49'),
	(54, 59, 14, 0, 'Humidificador', 'Humidificador Habitacion Abuelos', '2024-05-26 15:13:49'),
	(55, 60, 14, 0, 'Luz', 'Luz Habitacion Abuelos', '2024-05-26 15:13:49'),
	(56, 61, 14, 0, 'Persiana', 'Persiana Habitacion Abuelos', '2024-05-26 15:13:49');

-- Volcando estructura para tabla piizensorium.historicodatos
CREATE TABLE IF NOT EXISTS `historicodatos` (
  `id_dato` int(11) NOT NULL AUTO_INCREMENT,
  `id_sensor` bigint(20) DEFAULT NULL,
  `valor_dato` varchar(255) DEFAULT NULL,
  `fecha` datetime DEFAULT NULL,
  PRIMARY KEY (`id_dato`),
  KEY `fk_id_sensor` (`id_sensor`),
  CONSTRAINT `fk_id_sensor` FOREIGN KEY (`id_sensor`) REFERENCES `sensores` (`id_sensor`)
) ENGINE=InnoDB AUTO_INCREMENT=2546 DEFAULT CHARSET=utf8mb4 COLLATE=utf8mb4_general_ci;

-- Volcando datos para la tabla piizensorium.historicodatos: ~2.445 rows (aproximadamente)
INSERT INTO `historicodatos` (`id_dato`, `id_sensor`, `valor_dato`, `fecha`) VALUES
	(1, 1, '25.90ÂºC', '2024-05-26 18:16:00'),
	(2, 2, '35.00%', '2024-05-26 18:16:00'),
	(3, 3, '28.59%', '2024-05-26 18:16:00'),
	(4, 4, '67.00cm', '2024-05-26 18:16:00'),
	(5, 1, '25.90ÂºC', '2024-05-26 18:16:04'),
	(6, 2, '35.00%', '2024-05-26 18:16:04'),
	(7, 3, '28.78%', '2024-05-26 18:16:05'),
	(8, 4, '30.00cm', '2024-05-26 18:16:05'),
	(9, 1, '26.00ÂºC', '2024-05-26 18:16:09'),
	(10, 2, '35.00%', '2024-05-26 18:16:09'),
	(11, 3, '28.96%', '2024-05-26 18:16:09'),
	(12, 4, '42.00cm', '2024-05-26 18:16:09'),
	(13, 1, '26.00ÂºC', '2024-05-26 18:16:13'),
	(14, 2, '35.00%', '2024-05-26 18:16:13'),
	(15, 3, '28.67%', '2024-05-26 18:16:14'),
	(16, 4, '357.00cm', '2024-05-26 18:16:14'),
	(17, 1, '26.20ÂºC', '2024-05-26 18:16:17'),
	(18, 2, '35.00%', '2024-05-26 18:16:18'),
	(19, 3, '28.78%', '2024-05-26 18:16:18'),
	(20, 4, '9.00cm', '2024-05-26 18:16:18'),
	(21, 1, '26.20ÂºC', '2024-05-26 18:16:22'),
	(22, 2, '35.00%', '2024-05-26 18:16:22'),
	(23, 3, '28.63%', '2024-05-26 18:16:23'),
	(24, 4, '8.00cm', '2024-05-26 18:16:23'),
	(25, 1, '26.10ÂºC', '2024-05-26 18:16:26'),
	(26, 2, '35.00%', '2024-05-26 18:16:27'),
	(27, 3, '28.63%', '2024-05-26 18:16:27'),
	(28, 4, '7.00cm', '2024-05-26 18:16:27'),
	(29, 1, '26.10ÂºC', '2024-05-26 18:16:31'),
	(30, 2, '35.00%', '2024-05-26 18:16:31'),
	(31, 3, '28.59%', '2024-05-26 18:16:31'),
	(32, 4, '7.00cm', '2024-05-26 18:16:32'),
	(33, 1, '26.10ÂºC', '2024-05-26 18:16:35'),
	(34, 2, '35.00%', '2024-05-26 18:16:35'),
	(35, 3, '28.59%', '2024-05-26 18:16:36'),
	(36, 4, '7.00cm', '2024-05-26 18:16:36'),
	(37, 1, '26.10ÂºC', '2024-05-26 18:16:40'),
	(38, 2, '35.00%', '2024-05-26 18:16:40'),
	(39, 3, '28.59%', '2024-05-26 18:16:40'),
	(40, 4, '7.00cm', '2024-05-26 18:16:40'),
	(41, 1, '26.10ÂºC', '2024-05-26 18:16:44'),
	(42, 2, '35.00%', '2024-05-26 18:16:44'),
	(43, 3, '28.59%', '2024-05-26 18:16:44'),
	(44, 4, '7.00cm', '2024-05-26 18:16:45'),
	(45, 1, '26.10ÂºC', '2024-05-26 18:16:48'),
	(46, 2, '35.00%', '2024-05-26 18:16:49'),
	(47, 3, '28.63%', '2024-05-26 18:16:49'),
	(48, 4, '7.00cm', '2024-05-26 18:16:49'),
	(49, 1, '26.10ÂºC', '2024-05-26 18:16:53'),
	(50, 2, '35.00%', '2024-05-26 18:16:53'),
	(51, 3, '28.59%', '2024-05-26 18:16:53'),
	(52, 4, '7.00cm', '2024-05-26 18:16:54'),
	(53, 1, '26.10ÂºC', '2024-05-26 18:16:58'),
	(54, 2, '35.00%', '2024-05-26 18:16:58'),
	(55, 3, '28.59%', '2024-05-26 18:16:59'),
	(56, 4, '7.00cm', '2024-05-26 18:16:59'),
	(57, 1, '26.10ÂºC', '2024-05-26 18:17:03'),
	(58, 2, '35.00%', '2024-05-26 18:17:03'),
	(59, 3, '28.48%', '2024-05-26 18:17:04'),
	(60, 4, '7.00cm', '2024-05-26 18:17:05'),
	(61, 1, '26.10ÂºC', '2024-05-26 18:17:08'),
	(62, 2, '35.00%', '2024-05-26 18:17:08'),
	(63, 3, '29.00%', '2024-05-26 18:17:09'),
	(64, 4, '7.00cm', '2024-05-26 18:17:09'),
	(65, 1, '26.00ÂºC', '2024-05-26 18:17:13'),
	(66, 2, '35.00%', '2024-05-26 18:17:13'),
	(67, 3, '27.81%', '2024-05-26 18:17:14'),
	(68, 4, '7.00cm', '2024-05-26 18:17:15'),
	(69, 1, '26.10ÂºC', '2024-05-26 18:17:18'),
	(70, 2, '35.00%', '2024-05-26 18:17:19'),
	(71, 3, '36.11%', '2024-05-26 18:17:19'),
	(72, 4, '7.00cm', '2024-05-26 18:17:20'),
	(73, 1, '26.00ÂºC', '2024-05-26 18:17:23'),
	(74, 2, '35.00%', '2024-05-26 18:17:24'),
	(75, 3, '36.15%', '2024-05-26 18:17:24'),
	(76, 4, '7.00cm', '2024-05-26 18:17:25'),
	(77, 1, '26.00ÂºC', '2024-05-26 18:17:29'),
	(78, 2, '35.00%', '2024-05-26 18:17:29'),
	(79, 3, '36.33%', '2024-05-26 18:17:29'),
	(80, 4, '7.00cm', '2024-05-26 18:17:30'),
	(81, 1, '26.10ÂºC', '2024-05-26 18:17:33'),
	(82, 2, '35.00%', '2024-05-26 18:17:34'),
	(83, 3, '28.59%', '2024-05-26 18:17:34'),
	(84, 4, '7.00cm', '2024-05-26 18:17:34'),
	(85, 1, '26.00ÂºC', '2024-05-26 18:17:38'),
	(86, 2, '35.00%', '2024-05-26 18:17:38'),
	(87, 3, '29.59%', '2024-05-26 18:17:38'),
	(88, 4, '7.00cm', '2024-05-26 18:17:39'),
	(89, 1, '26.10ÂºC', '2024-05-26 18:17:42'),
	(90, 2, '35.00%', '2024-05-26 18:17:42'),
	(91, 3, '29.11%', '2024-05-26 18:17:43'),
	(92, 4, '7.00cm', '2024-05-26 18:17:43'),
	(93, 1, '26.10ÂºC', '2024-05-26 18:17:46'),
	(94, 2, '35.00%', '2024-05-26 18:17:47'),
	(95, 3, '29.11%', '2024-05-26 18:17:47'),
	(96, 4, '7.00cm', '2024-05-26 18:17:47'),
	(97, 1, '26.10ÂºC', '2024-05-26 18:17:51'),
	(98, 2, '35.00%', '2024-05-26 18:17:51'),
	(99, 3, '28.74%', '2024-05-26 18:17:51'),
	(100, 4, '7.00cm', '2024-05-26 18:17:52'),
	(101, 1, '26.00ÂºC', '2024-05-26 18:17:56'),
	(102, 2, '35.00%', '2024-05-26 18:17:56'),
	(103, 3, '28.59%', '2024-05-26 18:17:56'),
	(104, 4, '7.00cm', '2024-05-26 18:17:56'),
	(105, 1, '26.10ÂºC', '2024-05-26 18:18:00'),
	(106, 2, '35.00%', '2024-05-26 18:18:00'),
	(107, 3, '28.70%', '2024-05-26 18:18:01'),
	(108, 4, '7.00cm', '2024-05-26 18:18:01'),
	(109, 1, '26.10ÂºC', '2024-05-26 18:18:06'),
	(110, 2, '35.00%', '2024-05-26 18:18:06'),
	(111, 3, '28.93%', '2024-05-26 18:18:06'),
	(112, 4, '7.00cm', '2024-05-26 18:18:07'),
	(113, 1, '26.10ÂºC', '2024-05-26 18:18:10'),
	(114, 2, '35.00%', '2024-05-26 18:18:11'),
	(115, 3, '28.63%', '2024-05-26 18:18:11'),
	(116, 4, '7.00cm', '2024-05-26 18:18:11'),
	(117, 1, '26.10ÂºC', '2024-05-26 18:18:15'),
	(118, 2, '35.00%', '2024-05-26 18:18:15'),
	(119, 3, '28.41%', '2024-05-26 18:18:15'),
	(120, 4, '7.00cm', '2024-05-26 18:18:16'),
	(121, 1, '26.10ÂºC', '2024-05-26 18:18:19'),
	(122, 2, '35.00%', '2024-05-26 18:18:19'),
	(123, 3, '28.96%', '2024-05-26 18:18:20'),
	(124, 4, '7.00cm', '2024-05-26 18:18:20'),
	(125, 1, '26.00ÂºC', '2024-05-26 18:18:23'),
	(126, 2, '35.00%', '2024-05-26 18:18:24'),
	(127, 3, '28.85%', '2024-05-26 18:18:24'),
	(128, 4, '51.00cm', '2024-05-26 18:18:24'),
	(129, 1, '26.10ÂºC', '2024-05-26 18:18:28'),
	(130, 2, '35.00%', '2024-05-26 18:18:28'),
	(131, 3, '28.70%', '2024-05-26 18:18:28'),
	(132, 4, '29.00cm', '2024-05-26 18:18:29'),
	(133, 1, '26.10ÂºC', '2024-05-26 18:18:32'),
	(134, 2, '35.00%', '2024-05-26 18:18:32'),
	(135, 3, '28.48%', '2024-05-26 18:18:33'),
	(136, 4, '13.00cm', '2024-05-26 18:18:33'),
	(137, 1, '26.10ÂºC', '2024-05-26 18:18:37'),
	(138, 2, '35.00%', '2024-05-26 18:18:37'),
	(139, 3, '28.67%', '2024-05-26 18:18:38'),
	(140, 4, '20.00cm', '2024-05-26 18:18:38'),
	(141, 1, '26.10ÂºC', '2024-05-26 18:18:41'),
	(142, 2, '35.00%', '2024-05-26 18:18:42'),
	(143, 3, '29.22%', '2024-05-26 18:18:42'),
	(144, 4, '30.00cm', '2024-05-26 18:18:42'),
	(145, 1, '26.10ÂºC', '2024-05-26 18:18:46'),
	(146, 2, '35.00%', '2024-05-26 18:18:46'),
	(147, 3, '28.78%', '2024-05-26 18:18:46'),
	(148, 4, '17.00cm', '2024-05-26 18:18:47'),
	(149, 1, '26.10ÂºC', '2024-05-26 18:18:50'),
	(150, 2, '35.00%', '2024-05-26 18:18:50'),
	(151, 3, '28.63%', '2024-05-26 18:18:51'),
	(152, 4, '16.00cm', '2024-05-26 18:18:51'),
	(153, 1, '26.10ÂºC', '2024-05-26 18:18:54'),
	(154, 2, '35.00%', '2024-05-26 18:18:55'),
	(155, 3, '28.78%', '2024-05-26 18:18:55'),
	(156, 4, '30.00cm', '2024-05-26 18:18:55'),
	(157, 1, '26.10ÂºC', '2024-05-26 18:18:59'),
	(158, 2, '35.00%', '2024-05-26 18:18:59'),
	(159, 3, '27.78%', '2024-05-26 18:18:59'),
	(160, 4, '49.00cm', '2024-05-26 18:19:00'),
	(161, 1, '26.10ÂºC', '2024-05-26 18:19:03'),
	(162, 2, '35.00%', '2024-05-26 18:19:03'),
	(163, 3, '28.11%', '2024-05-26 18:19:04'),
	(164, 4, '357.00cm', '2024-05-26 18:19:04'),
	(165, 1, '26.10ÂºC', '2024-05-26 18:19:07'),
	(166, 2, '35.00%', '2024-05-26 18:19:08'),
	(167, 3, '28.04%', '2024-05-26 18:19:08'),
	(168, 4, '51.00cm', '2024-05-26 18:19:09'),
	(169, 1, '26.10ÂºC', '2024-05-26 18:19:12'),
	(170, 2, '35.00%', '2024-05-26 18:19:13'),
	(171, 3, '27.93%', '2024-05-26 18:19:13'),
	(172, 4, '78.00cm', '2024-05-26 18:19:13'),
	(173, 1, '26.10ÂºC', '2024-05-26 18:19:17'),
	(174, 2, '34.00%', '2024-05-26 18:19:17'),
	(175, 5, '26.00ÂºC', '2024-05-26 18:19:32'),
	(176, 6, '35.00%', '2024-05-26 18:19:32'),
	(177, 7, '28.52%', '2024-05-26 18:19:33'),
	(178, 9, '26.00cm', '2024-05-26 18:19:33'),
	(179, 5, '26.10ÂºC', '2024-05-26 18:19:37'),
	(180, 6, '35.00%', '2024-05-26 18:19:37'),
	(181, 7, '28.52%', '2024-05-26 18:19:38'),
	(182, 9, '26.00cm', '2024-05-26 18:19:38'),
	(183, 5, '26.10ÂºC', '2024-05-26 18:19:42'),
	(184, 6, '35.00%', '2024-05-26 18:19:42'),
	(185, 7, '28.41%', '2024-05-26 18:19:42'),
	(186, 9, '26.00cm', '2024-05-26 18:19:43'),
	(187, 5, '26.10ÂºC', '2024-05-26 18:19:46'),
	(188, 6, '35.00%', '2024-05-26 18:19:47'),
	(189, 7, '28.48%', '2024-05-26 18:19:47'),
	(190, 9, '26.00cm', '2024-05-26 18:19:47'),
	(191, 5, '26.00ÂºC', '2024-05-26 18:19:51'),
	(192, 6, '34.00%', '2024-05-26 18:19:51'),
	(193, 7, '28.48%', '2024-05-26 18:19:51'),
	(194, 9, '26.00cm', '2024-05-26 18:19:52'),
	(195, 5, '26.00ÂºC', '2024-05-26 18:19:55'),
	(196, 6, '34.00%', '2024-05-26 18:19:55'),
	(197, 7, '28.56%', '2024-05-26 18:19:56'),
	(198, 9, '25.00cm', '2024-05-26 18:19:56'),
	(199, 5, '26.00ÂºC', '2024-05-26 18:19:59'),
	(200, 6, '34.00%', '2024-05-26 18:20:00'),
	(201, 7, '28.48%', '2024-05-26 18:20:00'),
	(202, 9, '25.00cm', '2024-05-26 18:20:00'),
	(203, 5, '26.00ÂºC', '2024-05-26 18:20:04'),
	(204, 6, '34.00%', '2024-05-26 18:20:04'),
	(205, 7, '28.37%', '2024-05-26 18:20:04'),
	(206, 9, '24.00cm', '2024-05-26 18:20:05'),
	(207, 5, '26.00ÂºC', '2024-05-26 18:20:08'),
	(208, 6, '34.00%', '2024-05-26 18:20:08'),
	(209, 7, '28.59%', '2024-05-26 18:20:09'),
	(210, 9, '24.00cm', '2024-05-26 18:20:09'),
	(211, 5, '26.00ÂºC', '2024-05-26 18:20:13'),
	(212, 6, '34.00%', '2024-05-26 18:20:13'),
	(213, 7, '28.33%', '2024-05-26 18:20:13'),
	(214, 9, '26.00cm', '2024-05-26 18:20:13'),
	(215, 5, '26.00ÂºC', '2024-05-26 18:20:17'),
	(216, 6, '34.00%', '2024-05-26 18:20:17'),
	(217, 7, '28.26%', '2024-05-26 18:20:18'),
	(218, 9, '25.00cm', '2024-05-26 18:20:18'),
	(219, 5, '26.00ÂºC', '2024-05-26 18:20:21'),
	(220, 6, '34.00%', '2024-05-26 18:20:22'),
	(221, 7, '28.56%', '2024-05-26 18:20:22'),
	(222, 9, '26.00cm', '2024-05-26 18:20:22'),
	(223, 5, '26.00ÂºC', '2024-05-26 18:20:26'),
	(224, 6, '34.00%', '2024-05-26 18:20:26'),
	(225, 7, '28.48%', '2024-05-26 18:20:26'),
	(226, 9, '25.00cm', '2024-05-26 18:20:27'),
	(227, 5, '26.00ÂºC', '2024-05-26 18:20:30'),
	(228, 6, '34.00%', '2024-05-26 18:20:30'),
	(229, 7, '27.96%', '2024-05-26 18:20:31'),
	(230, 9, '21.00cm', '2024-05-26 18:20:31'),
	(231, 5, '26.00ÂºC', '2024-05-26 18:20:34'),
	(232, 6, '34.00%', '2024-05-26 18:20:35'),
	(233, 7, '28.04%', '2024-05-26 18:20:35'),
	(234, 9, '21.00cm', '2024-05-26 18:20:35'),
	(235, 5, '26.00ÂºC', '2024-05-26 18:20:39'),
	(236, 6, '34.00%', '2024-05-26 18:20:39'),
	(237, 7, '29.11%', '2024-05-26 18:20:40'),
	(238, 9, '46.00cm', '2024-05-26 18:20:40'),
	(239, 5, '26.00ÂºC', '2024-05-26 18:20:43'),
	(240, 6, '35.00%', '2024-05-26 18:20:44'),
	(241, 7, '28.81%', '2024-05-26 18:20:44'),
	(242, 9, '101.00cm', '2024-05-26 18:20:44'),
	(243, 5, '26.00ÂºC', '2024-05-26 18:20:48'),
	(244, 6, '35.00%', '2024-05-26 18:20:48'),
	(245, 7, '28.26%', '2024-05-26 18:20:48'),
	(246, 9, '67.00cm', '2024-05-26 18:20:49'),
	(247, 5, '26.10ÂºC', '2024-05-26 18:20:52'),
	(248, 6, '34.00%', '2024-05-26 18:20:53'),
	(249, 7, '27.93%', '2024-05-26 18:20:53'),
	(250, 9, '7.00cm', '2024-05-26 18:20:53'),
	(251, 5, '26.10ÂºC', '2024-05-26 18:20:57'),
	(252, 6, '34.00%', '2024-05-26 18:20:57'),
	(253, 7, '27.81%', '2024-05-26 18:20:57'),
	(254, 9, '357.00cm', '2024-05-26 18:20:58'),
	(255, 5, '26.10ÂºC', '2024-05-26 18:21:01'),
	(256, 6, '34.00%', '2024-05-26 18:21:01'),
	(257, 7, '27.96%', '2024-05-26 18:21:02'),
	(258, 9, '47.00cm', '2024-05-26 18:21:02'),
	(259, 5, '26.10ÂºC', '2024-05-26 18:21:06'),
	(260, 6, '34.00%', '2024-05-26 18:21:06'),
	(261, 7, '28.04%', '2024-05-26 18:21:06'),
	(262, 9, '25.00cm', '2024-05-26 18:21:07'),
	(263, 5, '26.10ÂºC', '2024-05-26 18:21:11'),
	(264, 6, '34.00%', '2024-05-26 18:21:11'),
	(265, 7, '28.37%', '2024-05-26 18:21:11'),
	(266, 9, '27.00cm', '2024-05-26 18:21:12'),
	(267, 5, '26.10ÂºC', '2024-05-26 18:21:15'),
	(268, 6, '34.00%', '2024-05-26 18:21:16'),
	(269, 7, '28.41%', '2024-05-26 18:21:16'),
	(270, 9, '26.00cm', '2024-05-26 18:21:16'),
	(271, 5, '26.10ÂºC', '2024-05-26 18:21:20'),
	(272, 6, '34.00%', '2024-05-26 18:21:20'),
	(273, 7, '28.48%', '2024-05-26 18:21:21'),
	(274, 9, '27.00cm', '2024-05-26 18:21:21'),
	(275, 5, '26.00ÂºC', '2024-05-26 18:21:24'),
	(276, 6, '34.00%', '2024-05-26 18:21:25'),
	(277, 7, '28.48%', '2024-05-26 18:21:25'),
	(278, 9, '27.00cm', '2024-05-26 18:21:25'),
	(279, 5, '26.10ÂºC', '2024-05-26 18:21:29'),
	(280, 6, '34.00%', '2024-05-26 18:21:29'),
	(281, 7, '28.81%', '2024-05-26 18:21:30'),
	(282, 9, '26.00cm', '2024-05-26 18:21:30'),
	(283, 5, '26.10ÂºC', '2024-05-26 18:21:34'),
	(284, 6, '34.00%', '2024-05-26 18:21:34'),
	(285, 7, '28.70%', '2024-05-26 18:21:34'),
	(286, 9, '26.00cm', '2024-05-26 18:21:34'),
	(287, 5, '26.10ÂºC', '2024-05-26 18:21:38'),
	(288, 6, '35.00%', '2024-05-26 18:21:38'),
	(289, 7, '27.96%', '2024-05-26 18:21:39'),
	(290, 9, '26.00cm', '2024-05-26 18:21:39'),
	(291, 5, '26.10ÂºC', '2024-05-26 18:21:43'),
	(292, 6, '35.00%', '2024-05-26 18:21:43'),
	(293, 7, '29.19%', '2024-05-26 18:21:43'),
	(294, 9, '25.00cm', '2024-05-26 18:21:43'),
	(295, 5, '26.10ÂºC', '2024-05-26 18:21:47'),
	(296, 6, '35.00%', '2024-05-26 18:21:48'),
	(297, 7, '28.70%', '2024-05-26 18:21:48'),
	(298, 9, '25.00cm', '2024-05-26 18:21:48'),
	(299, 5, '26.10ÂºC', '2024-05-26 18:21:52'),
	(300, 6, '35.00%', '2024-05-26 18:21:52'),
	(301, 7, '28.63%', '2024-05-26 18:21:52'),
	(302, 9, '31.00cm', '2024-05-26 18:21:53'),
	(303, 5, '26.10ÂºC', '2024-05-26 18:21:56'),
	(304, 6, '35.00%', '2024-05-26 18:21:57'),
	(305, 7, '28.59%', '2024-05-26 18:21:57'),
	(306, 9, '25.00cm', '2024-05-26 18:21:57'),
	(307, 5, '26.10ÂºC', '2024-05-26 18:22:01'),
	(308, 6, '35.00%', '2024-05-26 18:22:02'),
	(309, 7, '28.59%', '2024-05-26 18:22:02'),
	(310, 9, '26.00cm', '2024-05-26 18:22:02'),
	(311, 5, '26.10ÂºC', '2024-05-26 18:22:06'),
	(312, 6, '34.00%', '2024-05-26 18:22:06'),
	(313, 7, '28.67%', '2024-05-26 18:22:06'),
	(314, 9, '27.00cm', '2024-05-26 18:22:07'),
	(315, 5, '26.10ÂºC', '2024-05-26 18:22:10'),
	(316, 6, '34.00%', '2024-05-26 18:22:10'),
	(317, 7, '28.70%', '2024-05-26 18:22:11'),
	(318, 9, '27.00cm', '2024-05-26 18:22:11'),
	(319, 5, '26.10ÂºC', '2024-05-26 18:22:14'),
	(320, 6, '34.00%', '2024-05-26 18:22:15'),
	(321, 7, '28.78%', '2024-05-26 18:22:15'),
	(322, 9, '27.00cm', '2024-05-26 18:22:15'),
	(323, 10, '26.10ÂºC', '2024-05-26 18:22:30'),
	(324, 11, '35.00%', '2024-05-26 18:22:30'),
	(325, 12, '28.59%', '2024-05-26 18:22:30'),
	(326, 13, '48.00cm', '2024-05-26 18:22:31'),
	(327, 10, '26.10ÂºC', '2024-05-26 18:22:34'),
	(328, 11, '35.00%', '2024-05-26 18:22:34'),
	(329, 12, '28.81%', '2024-05-26 18:22:35'),
	(330, 13, '43.00cm', '2024-05-26 18:22:35'),
	(331, 10, '26.10ÂºC', '2024-05-26 18:22:39'),
	(332, 11, '35.00%', '2024-05-26 18:22:39'),
	(333, 12, '29.19%', '2024-05-26 18:22:39'),
	(334, 13, '47.00cm', '2024-05-26 18:22:40'),
	(335, 10, '26.10ÂºC', '2024-05-26 18:22:43'),
	(336, 11, '35.00%', '2024-05-26 18:22:43'),
	(337, 12, '29.11%', '2024-05-26 18:22:44'),
	(338, 13, '112.00cm', '2024-05-26 18:22:44'),
	(339, 10, '26.10ÂºC', '2024-05-26 18:22:48'),
	(340, 11, '35.00%', '2024-05-26 18:22:48'),
	(341, 12, '29.19%', '2024-05-26 18:22:48'),
	(342, 13, '63.00cm', '2024-05-26 18:22:49'),
	(343, 10, '26.10ÂºC', '2024-05-26 18:22:52'),
	(344, 11, '35.00%', '2024-05-26 18:22:53'),
	(345, 12, '28.70%', '2024-05-26 18:22:53'),
	(346, 13, '119.00cm', '2024-05-26 18:22:53'),
	(347, 10, '26.10ÂºC', '2024-05-26 18:22:57'),
	(348, 11, '34.00%', '2024-05-26 18:22:57'),
	(349, 12, '29.00%', '2024-05-26 18:22:57'),
	(350, 13, '357.00cm', '2024-05-26 18:22:57'),
	(351, 10, '26.10ÂºC', '2024-05-26 18:23:01'),
	(352, 11, '34.00%', '2024-05-26 18:23:01'),
	(353, 12, '28.93%', '2024-05-26 18:23:02'),
	(354, 13, '357.00cm', '2024-05-26 18:23:02'),
	(355, 10, '26.10ÂºC', '2024-05-26 18:23:05'),
	(356, 11, '34.00%', '2024-05-26 18:23:06'),
	(357, 12, '29.19%', '2024-05-26 18:23:06'),
	(358, 13, '44.00cm', '2024-05-26 18:23:06'),
	(359, 10, '26.10ÂºC', '2024-05-26 18:23:10'),
	(360, 11, '35.00%', '2024-05-26 18:23:10'),
	(361, 12, '29.11%', '2024-05-26 18:23:10'),
	(362, 13, '48.00cm', '2024-05-26 18:23:11'),
	(363, 10, '26.10ÂºC', '2024-05-26 18:23:14'),
	(364, 11, '35.00%', '2024-05-26 18:23:15'),
	(365, 12, '29.26%', '2024-05-26 18:23:15'),
	(366, 13, '45.00cm', '2024-05-26 18:23:15'),
	(367, 10, '26.10ÂºC', '2024-05-26 18:23:19'),
	(368, 11, '35.00%', '2024-05-26 18:23:19'),
	(369, 12, '29.89%', '2024-05-26 18:23:19'),
	(370, 13, '36.00cm', '2024-05-26 18:23:20'),
	(371, 10, '26.10ÂºC', '2024-05-26 18:23:23'),
	(372, 11, '35.00%', '2024-05-26 18:23:24'),
	(373, 12, '28.67%', '2024-05-26 18:23:24'),
	(374, 13, '357.00cm', '2024-05-26 18:23:25'),
	(375, 10, '26.10ÂºC', '2024-05-26 18:23:28'),
	(376, 11, '35.00%', '2024-05-26 18:23:29'),
	(377, 12, '29.22%', '2024-05-26 18:23:29'),
	(378, 13, '62.00cm', '2024-05-26 18:23:29'),
	(379, 10, '26.10ÂºC', '2024-05-26 18:23:33'),
	(380, 11, '35.00%', '2024-05-26 18:23:33'),
	(381, 12, '29.41%', '2024-05-26 18:23:33'),
	(382, 13, '46.00cm', '2024-05-26 18:23:34'),
	(383, 10, '26.10ÂºC', '2024-05-26 18:23:37'),
	(384, 11, '34.00%', '2024-05-26 18:23:38'),
	(385, 12, '29.37%', '2024-05-26 18:23:38'),
	(386, 13, '65.00cm', '2024-05-26 18:23:38'),
	(387, 10, '26.10ÂºC', '2024-05-26 18:23:42'),
	(388, 11, '35.00%', '2024-05-26 18:23:42'),
	(389, 12, '29.44%', '2024-05-26 18:23:42'),
	(390, 13, '46.00cm', '2024-05-26 18:23:42'),
	(391, 10, '26.10ÂºC', '2024-05-26 18:23:46'),
	(392, 11, '35.00%', '2024-05-26 18:23:46'),
	(393, 12, '29.44%', '2024-05-26 18:23:47'),
	(394, 13, '47.00cm', '2024-05-26 18:23:47'),
	(395, 10, '26.10ÂºC', '2024-05-26 18:23:50'),
	(396, 11, '35.00%', '2024-05-26 18:23:51'),
	(397, 12, '29.22%', '2024-05-26 18:23:51'),
	(398, 13, '63.00cm', '2024-05-26 18:23:52'),
	(399, 10, '26.10ÂºC', '2024-05-26 18:23:55'),
	(400, 11, '35.00%', '2024-05-26 18:23:55'),
	(401, 12, '29.59%', '2024-05-26 18:23:56'),
	(402, 13, '45.00cm', '2024-05-26 18:23:56'),
	(403, 10, '26.10ÂºC', '2024-05-26 18:23:59'),
	(404, 11, '35.00%', '2024-05-26 18:24:00'),
	(405, 12, '29.67%', '2024-05-26 18:24:00'),
	(406, 13, '357.00cm', '2024-05-26 18:24:00'),
	(407, 10, '26.10ÂºC', '2024-05-26 18:24:04'),
	(408, 11, '34.00%', '2024-05-26 18:24:04'),
	(409, 12, '29.74%', '2024-05-26 18:24:04'),
	(410, 13, '44.00cm', '2024-05-26 18:24:05'),
	(411, 10, '26.10ÂºC', '2024-05-26 18:24:08'),
	(412, 11, '34.00%', '2024-05-26 18:24:09'),
	(413, 12, '29.78%', '2024-05-26 18:24:09'),
	(414, 13, '43.00cm', '2024-05-26 18:24:09'),
	(415, 10, '26.10ÂºC', '2024-05-26 18:24:13'),
	(416, 11, '35.00%', '2024-05-26 18:24:13'),
	(417, 12, '29.41%', '2024-05-26 18:24:13'),
	(418, 13, '19.00cm', '2024-05-26 18:24:14'),
	(419, 10, '26.10ÂºC', '2024-05-26 18:24:17'),
	(420, 11, '35.00%', '2024-05-26 18:24:18'),
	(421, 12, '29.26%', '2024-05-26 18:24:18'),
	(422, 13, '20.00cm', '2024-05-26 18:24:18'),
	(423, 10, '26.10ÂºC', '2024-05-26 18:24:22'),
	(424, 11, '34.00%', '2024-05-26 18:24:22'),
	(425, 12, '29.33%', '2024-05-26 18:24:22'),
	(426, 13, '21.00cm', '2024-05-26 18:24:23'),
	(427, 10, '26.10ÂºC', '2024-05-26 18:24:26'),
	(428, 11, '34.00%', '2024-05-26 18:24:26'),
	(429, 12, '29.44%', '2024-05-26 18:24:27'),
	(430, 13, '21.00cm', '2024-05-26 18:24:27'),
	(431, 10, '26.10ÂºC', '2024-05-26 18:24:30'),
	(432, 11, '34.00%', '2024-05-26 18:24:31'),
	(433, 12, '29.52%', '2024-05-26 18:24:31'),
	(434, 13, '357.00cm', '2024-05-26 18:24:31'),
	(435, 10, '26.10ÂºC', '2024-05-26 18:24:35'),
	(436, 11, '34.00%', '2024-05-26 18:24:35'),
	(437, 12, '29.33%', '2024-05-26 18:24:35'),
	(438, 13, '21.00cm', '2024-05-26 18:24:36'),
	(439, 10, '26.10ÂºC', '2024-05-26 18:24:39'),
	(440, 11, '34.00%', '2024-05-26 18:24:39'),
	(441, 12, '30.33%', '2024-05-26 18:24:40'),
	(442, 13, '111.00cm', '2024-05-26 18:24:40'),
	(443, 10, '26.10ÂºC', '2024-05-26 18:24:43'),
	(444, 11, '34.00%', '2024-05-26 18:24:44'),
	(445, 12, '30.04%', '2024-05-26 18:24:44'),
	(446, 13, '42.00cm', '2024-05-26 18:24:44'),
	(447, 10, '26.10ÂºC', '2024-05-26 18:24:48'),
	(448, 11, '34.00%', '2024-05-26 18:24:48'),
	(449, 12, '30.15%', '2024-05-26 18:24:48'),
	(450, 13, '44.00cm', '2024-05-26 18:24:49'),
	(451, 10, '26.10ÂºC', '2024-05-26 18:24:53'),
	(452, 11, '34.00%', '2024-05-26 18:24:53'),
	(453, 12, '29.07%', '2024-05-26 18:24:54'),
	(454, 13, '127.00cm', '2024-05-26 18:24:54'),
	(455, 10, '26.10ÂºC', '2024-05-26 18:24:58'),
	(456, 11, '34.00%', '2024-05-26 18:24:58'),
	(457, 12, '28.70%', '2024-05-26 18:24:58'),
	(458, 13, '357.00cm', '2024-05-26 18:24:59'),
	(459, 14, '26.20ÂºC', '2024-05-26 18:25:23'),
	(460, 15, '35.00%', '2024-05-26 18:25:23'),
	(461, 17, '28.59%', '2024-05-26 18:25:24'),
	(462, 18, '122.00cm', '2024-05-26 18:25:24'),
	(463, 14, '26.20ÂºC', '2024-05-26 18:25:28'),
	(464, 15, '35.00%', '2024-05-26 18:25:28'),
	(465, 17, '28.63%', '2024-05-26 18:25:29'),
	(466, 18, '357.00cm', '2024-05-26 18:25:29'),
	(467, 14, '26.20ÂºC', '2024-05-26 18:25:32'),
	(468, 15, '34.00%', '2024-05-26 18:25:33'),
	(469, 17, '28.59%', '2024-05-26 18:25:33'),
	(470, 18, '357.00cm', '2024-05-26 18:25:33'),
	(471, 14, '26.20ÂºC', '2024-05-26 18:25:37'),
	(472, 15, '34.00%', '2024-05-26 18:25:37'),
	(473, 17, '28.41%', '2024-05-26 18:25:37'),
	(474, 18, '357.00cm', '2024-05-26 18:25:38'),
	(475, 14, '26.20ÂºC', '2024-05-26 18:25:41'),
	(476, 15, '35.00%', '2024-05-26 18:25:41'),
	(477, 17, '28.33%', '2024-05-26 18:25:42'),
	(478, 18, '357.00cm', '2024-05-26 18:25:42'),
	(479, 14, '26.20ÂºC', '2024-05-26 18:25:45'),
	(480, 15, '35.00%', '2024-05-26 18:25:46'),
	(481, 17, '28.56%', '2024-05-26 18:25:46'),
	(482, 18, '357.00cm', '2024-05-26 18:25:46'),
	(483, 14, '26.20ÂºC', '2024-05-26 18:25:50'),
	(484, 15, '35.00%', '2024-05-26 18:25:50'),
	(485, 17, '28.52%', '2024-05-26 18:25:50'),
	(486, 18, '357.00cm', '2024-05-26 18:25:51'),
	(487, 14, '26.20ÂºC', '2024-05-26 18:25:54'),
	(488, 15, '35.00%', '2024-05-26 18:25:55'),
	(489, 17, '29.22%', '2024-05-26 18:25:55'),
	(490, 18, '3.00cm', '2024-05-26 18:25:55'),
	(491, 14, '26.20ÂºC', '2024-05-26 18:25:59'),
	(492, 15, '35.00%', '2024-05-26 18:25:59'),
	(493, 17, '28.78%', '2024-05-26 18:25:59'),
	(494, 18, '7.00cm', '2024-05-26 18:25:59'),
	(495, 14, '26.20ÂºC', '2024-05-26 18:26:03'),
	(496, 15, '35.00%', '2024-05-26 18:26:03'),
	(497, 17, '28.52%', '2024-05-26 18:26:04'),
	(498, 18, '6.00cm', '2024-05-26 18:26:04'),
	(499, 14, '26.20ÂºC', '2024-05-26 18:26:08'),
	(500, 15, '35.00%', '2024-05-26 18:26:08'),
	(501, 17, '28.59%', '2024-05-26 18:26:08'),
	(502, 18, '8.00cm', '2024-05-26 18:26:08'),
	(503, 14, '26.10ÂºC', '2024-05-26 18:26:12'),
	(504, 15, '35.00%', '2024-05-26 18:26:12'),
	(505, 17, '28.59%', '2024-05-26 18:26:12'),
	(506, 18, '22.00cm', '2024-05-26 18:26:13'),
	(507, 14, '26.10ÂºC', '2024-05-26 18:26:16'),
	(508, 15, '35.00%', '2024-05-26 18:26:17'),
	(509, 17, '28.44%', '2024-05-26 18:26:17'),
	(510, 18, '357.00cm', '2024-05-26 18:26:17'),
	(511, 14, '26.10ÂºC', '2024-05-26 18:26:21'),
	(512, 15, '35.00%', '2024-05-26 18:26:21'),
	(513, 17, '28.48%', '2024-05-26 18:26:21'),
	(514, 18, '4.00cm', '2024-05-26 18:26:22'),
	(515, 14, '26.10ÂºC', '2024-05-26 18:26:25'),
	(516, 15, '35.00%', '2024-05-26 18:26:25'),
	(517, 17, '28.63%', '2024-05-26 18:26:26'),
	(518, 18, '60.00cm', '2024-05-26 18:26:26'),
	(519, 14, '26.20ÂºC', '2024-05-26 18:26:30'),
	(520, 15, '35.00%', '2024-05-26 18:26:30'),
	(521, 17, '28.67%', '2024-05-26 18:26:31'),
	(522, 18, '6.00cm', '2024-05-26 18:26:31'),
	(523, 14, '26.10ÂºC', '2024-05-26 18:26:35'),
	(524, 15, '35.00%', '2024-05-26 18:26:35'),
	(525, 17, '28.59%', '2024-05-26 18:26:35'),
	(526, 18, '6.00cm', '2024-05-26 18:26:36'),
	(527, 14, '26.10ÂºC', '2024-05-26 18:26:39'),
	(528, 15, '35.00%', '2024-05-26 18:26:40'),
	(529, 17, '28.52%', '2024-05-26 18:26:40'),
	(530, 18, '6.00cm', '2024-05-26 18:26:40'),
	(531, 14, '26.10ÂºC', '2024-05-26 18:26:44'),
	(532, 15, '35.00%', '2024-05-26 18:26:44'),
	(533, 17, '28.48%', '2024-05-26 18:26:45'),
	(534, 18, '6.00cm', '2024-05-26 18:26:45'),
	(535, 14, '26.10ÂºC', '2024-05-26 18:26:49'),
	(536, 15, '35.00%', '2024-05-26 18:26:50'),
	(537, 17, '28.56%', '2024-05-26 18:26:50'),
	(538, 18, '6.00cm', '2024-05-26 18:26:50'),
	(539, 14, '26.20ÂºC', '2024-05-26 18:26:54'),
	(540, 15, '35.00%', '2024-05-26 18:26:54'),
	(541, 17, '28.22%', '2024-05-26 18:26:54'),
	(542, 18, '6.00cm', '2024-05-26 18:26:55'),
	(543, 14, '26.20ÂºC', '2024-05-26 18:26:58'),
	(544, 15, '35.00%', '2024-05-26 18:26:59'),
	(545, 17, '29.15%', '2024-05-26 18:26:59'),
	(546, 18, '42.00cm', '2024-05-26 18:26:59'),
	(547, 14, '26.20ÂºC', '2024-05-26 18:27:03'),
	(548, 15, '35.00%', '2024-05-26 18:27:03'),
	(549, 17, '29.07%', '2024-05-26 18:27:03'),
	(550, 18, '40.00cm', '2024-05-26 18:27:04'),
	(551, 14, '26.20ÂºC', '2024-05-26 18:27:07'),
	(552, 15, '35.00%', '2024-05-26 18:27:07'),
	(553, 17, '28.11%', '2024-05-26 18:27:08'),
	(554, 18, '22.00cm', '2024-05-26 18:27:08'),
	(555, 14, '26.20ÂºC', '2024-05-26 18:27:11'),
	(556, 15, '35.00%', '2024-05-26 18:27:12'),
	(557, 17, '28.07%', '2024-05-26 18:27:12'),
	(558, 18, '9.00cm', '2024-05-26 18:27:12'),
	(559, 14, '26.20ÂºC', '2024-05-26 18:27:16'),
	(560, 15, '35.00%', '2024-05-26 18:27:16'),
	(561, 17, '27.89%', '2024-05-26 18:27:16'),
	(562, 18, '9.00cm', '2024-05-26 18:27:17'),
	(563, 14, '26.20ÂºC', '2024-05-26 18:27:20'),
	(564, 15, '35.00%', '2024-05-26 18:27:20'),
	(565, 17, '27.63%', '2024-05-26 18:27:21'),
	(566, 18, '9.00cm', '2024-05-26 18:27:21'),
	(567, 14, '26.20ÂºC', '2024-05-26 18:27:25'),
	(568, 15, '35.00%', '2024-05-26 18:27:25'),
	(569, 17, '27.78%', '2024-05-26 18:27:25'),
	(570, 18, '9.00cm', '2024-05-26 18:27:25'),
	(571, 14, '26.20ÂºC', '2024-05-26 18:27:29'),
	(572, 15, '35.00%', '2024-05-26 18:27:29'),
	(573, 17, '27.59%', '2024-05-26 18:27:30'),
	(574, 18, '9.00cm', '2024-05-26 18:27:30'),
	(575, 14, '26.20ÂºC', '2024-05-26 18:27:34'),
	(576, 15, '35.00%', '2024-05-26 18:27:34'),
	(577, 17, '27.59%', '2024-05-26 18:27:34'),
	(578, 18, '9.00cm', '2024-05-26 18:27:34'),
	(579, 14, '26.20ÂºC', '2024-05-26 18:27:38'),
	(580, 15, '35.00%', '2024-05-26 18:27:38'),
	(581, 17, '27.59%', '2024-05-26 18:27:39'),
	(582, 18, '9.00cm', '2024-05-26 18:27:39'),
	(583, 14, '26.20ÂºC', '2024-05-26 18:27:43'),
	(584, 15, '35.00%', '2024-05-26 18:27:43'),
	(585, 17, '27.56%', '2024-05-26 18:27:43'),
	(586, 18, '9.00cm', '2024-05-26 18:27:44'),
	(587, 14, '26.20ÂºC', '2024-05-26 18:27:48'),
	(588, 15, '35.00%', '2024-05-26 18:27:49'),
	(589, 17, '28.41%', '2024-05-26 18:27:49'),
	(590, 18, '9.00cm', '2024-05-26 18:27:49'),
	(591, 14, '26.20ÂºC', '2024-05-26 18:27:54'),
	(592, 15, '35.00%', '2024-05-26 18:27:54'),
	(593, 17, '28.07%', '2024-05-26 18:27:54'),
	(594, 18, '8.00cm', '2024-05-26 18:27:55'),
	(595, 14, '26.20ÂºC', '2024-05-26 18:27:58'),
	(596, 15, '35.00%', '2024-05-26 18:27:58'),
	(597, 17, '29.11%', '2024-05-26 18:27:59'),
	(598, 18, '8.00cm', '2024-05-26 18:27:59'),
	(599, 14, '26.10ÂºC', '2024-05-26 18:28:02'),
	(600, 15, '35.00%', '2024-05-26 18:28:03'),
	(601, 17, '28.63%', '2024-05-26 18:28:03'),
	(602, 18, '8.00cm', '2024-05-26 18:28:03'),
	(603, 14, '26.20ÂºC', '2024-05-26 18:28:07'),
	(604, 15, '35.00%', '2024-05-26 18:28:07'),
	(605, 17, '28.59%', '2024-05-26 18:28:07'),
	(606, 18, '8.00cm', '2024-05-26 18:28:08'),
	(607, 19, '26.20ÂºC', '2024-05-26 18:35:51'),
	(608, 20, '34.00%', '2024-05-26 18:35:51'),
	(609, 21, '25.74%', '2024-05-26 18:35:52'),
	(610, 22, '63.00cm', '2024-05-26 18:35:53'),
	(611, 19, '26.10ÂºC', '2024-05-26 18:35:56'),
	(612, 20, '34.00%', '2024-05-26 18:35:56'),
	(613, 21, '26.04%', '2024-05-26 18:35:57'),
	(614, 22, '57.00cm', '2024-05-26 18:35:58'),
	(615, 19, '26.20ÂºC', '2024-05-26 18:36:01'),
	(616, 20, '34.00%', '2024-05-26 18:36:01'),
	(617, 21, '25.41%', '2024-05-26 18:36:02'),
	(618, 22, '357.00cm', '2024-05-26 18:36:02'),
	(619, 19, '26.10ÂºC', '2024-05-26 18:36:06'),
	(620, 20, '34.00%', '2024-05-26 18:36:07'),
	(621, 21, '25.81%', '2024-05-26 18:36:07'),
	(622, 22, '357.00cm', '2024-05-26 18:36:07'),
	(623, 19, '26.20ÂºC', '2024-05-26 18:36:11'),
	(624, 20, '34.00%', '2024-05-26 18:36:13'),
	(625, 21, '25.48%', '2024-05-26 18:36:14'),
	(626, 22, '357.00cm', '2024-05-26 18:36:15'),
	(627, 19, '26.20ÂºC', '2024-05-26 18:36:18'),
	(628, 20, '34.00%', '2024-05-26 18:36:19'),
	(629, 21, '26.04%', '2024-05-26 18:36:19'),
	(630, 22, '357.00cm', '2024-05-26 18:36:19'),
	(631, 19, '26.20ÂºC', '2024-05-26 18:36:23'),
	(632, 20, '34.00%', '2024-05-26 18:36:23'),
	(633, 21, '25.37%', '2024-05-26 18:36:23'),
	(634, 22, '357.00cm', '2024-05-26 18:36:24'),
	(635, 19, '26.20ÂºC', '2024-05-26 18:36:28'),
	(636, 20, '34.00%', '2024-05-26 18:36:28'),
	(637, 21, '25.30%', '2024-05-26 18:36:28'),
	(638, 22, '357.00cm', '2024-05-26 18:36:28'),
	(639, 19, '26.20ÂºC', '2024-05-26 18:36:33'),
	(640, 20, '34.00%', '2024-05-26 18:36:33'),
	(641, 21, '25.78%', '2024-05-26 18:36:33'),
	(642, 22, '104.00cm', '2024-05-26 18:36:34'),
	(643, 19, '26.20ÂºC', '2024-05-26 18:36:37'),
	(644, 20, '34.00%', '2024-05-26 18:36:38'),
	(645, 21, '25.30%', '2024-05-26 18:36:38'),
	(646, 22, '101.00cm', '2024-05-26 18:36:38'),
	(647, 19, '26.20ÂºC', '2024-05-26 18:36:42'),
	(648, 20, '34.00%', '2024-05-26 18:36:42'),
	(649, 21, '24.67%', '2024-05-26 18:36:43'),
	(650, 22, '357.00cm', '2024-05-26 18:36:43'),
	(651, 19, '26.20ÂºC', '2024-05-26 18:36:47'),
	(652, 20, '34.00%', '2024-05-26 18:36:48'),
	(653, 21, '24.78%', '2024-05-26 18:36:48'),
	(654, 22, '357.00cm', '2024-05-26 18:36:48'),
	(655, 19, '26.20ÂºC', '2024-05-26 18:36:52'),
	(656, 20, '34.00%', '2024-05-26 18:36:52'),
	(657, 21, '24.56%', '2024-05-26 18:36:52'),
	(658, 22, '357.00cm', '2024-05-26 18:36:53'),
	(659, 19, '26.20ÂºC', '2024-05-26 18:36:56'),
	(660, 20, '34.00%', '2024-05-26 18:36:56'),
	(661, 21, '25.04%', '2024-05-26 18:36:57'),
	(662, 22, '357.00cm', '2024-05-26 18:36:57'),
	(663, 19, '26.20ÂºC', '2024-05-26 18:37:00'),
	(664, 20, '34.00%', '2024-05-26 18:37:01'),
	(665, 21, '24.96%', '2024-05-26 18:37:01'),
	(666, 22, '357.00cm', '2024-05-26 18:37:01'),
	(667, 19, '26.20ÂºC', '2024-05-26 18:37:05'),
	(668, 20, '35.00%', '2024-05-26 18:37:05'),
	(669, 21, '25.04%', '2024-05-26 18:37:05'),
	(670, 22, '25.00cm', '2024-05-26 18:37:06'),
	(671, 19, '26.20ÂºC', '2024-05-26 18:37:09'),
	(672, 20, '34.00%', '2024-05-26 18:37:09'),
	(673, 21, '25.26%', '2024-05-26 18:37:10'),
	(674, 22, '357.00cm', '2024-05-26 18:37:10'),
	(675, 19, '26.20ÂºC', '2024-05-26 18:37:14'),
	(676, 20, '34.00%', '2024-05-26 18:37:14'),
	(677, 21, '25.15%', '2024-05-26 18:37:14'),
	(678, 22, '357.00cm', '2024-05-26 18:37:15'),
	(679, 19, '26.20ÂºC', '2024-05-26 18:37:18'),
	(680, 20, '34.00%', '2024-05-26 18:37:19'),
	(681, 21, '25.52%', '2024-05-26 18:37:19'),
	(682, 22, '357.00cm', '2024-05-26 18:37:19'),
	(683, 19, '26.20ÂºC', '2024-05-26 18:37:23'),
	(684, 20, '34.00%', '2024-05-26 18:37:23'),
	(685, 21, '25.41%', '2024-05-26 18:37:23'),
	(686, 22, '357.00cm', '2024-05-26 18:37:24'),
	(687, 19, '26.20ÂºC', '2024-05-26 18:37:28'),
	(688, 20, '34.00%', '2024-05-26 18:37:29'),
	(689, 21, '25.44%', '2024-05-26 18:37:29'),
	(690, 22, '357.00cm', '2024-05-26 18:37:29'),
	(691, 19, '26.20ÂºC', '2024-05-26 18:37:33'),
	(692, 20, '34.00%', '2024-05-26 18:37:33'),
	(693, 21, '25.56%', '2024-05-26 18:37:33'),
	(694, 22, '70.00cm', '2024-05-26 18:37:34'),
	(695, 19, '26.20ÂºC', '2024-05-26 18:37:37'),
	(696, 20, '34.00%', '2024-05-26 18:37:38'),
	(697, 21, '25.74%', '2024-05-26 18:37:38'),
	(698, 22, '357.00cm', '2024-05-26 18:37:38'),
	(699, 19, '26.20ÂºC', '2024-05-26 18:37:42'),
	(700, 20, '34.00%', '2024-05-26 18:37:42'),
	(701, 21, '25.48%', '2024-05-26 18:37:42'),
	(702, 22, '357.00cm', '2024-05-26 18:37:43'),
	(703, 19, '26.20ÂºC', '2024-05-26 18:37:46'),
	(704, 20, '34.00%', '2024-05-26 18:37:47'),
	(705, 21, '25.00%', '2024-05-26 18:37:47'),
	(706, 22, '71.00cm', '2024-05-26 18:37:47'),
	(707, 19, '26.20ÂºC', '2024-05-26 18:37:51'),
	(708, 20, '34.00%', '2024-05-26 18:37:51'),
	(709, 21, '24.41%', '2024-05-26 18:37:51'),
	(710, 22, '357.00cm', '2024-05-26 18:37:52'),
	(711, 19, '26.20ÂºC', '2024-05-26 18:37:55'),
	(712, 20, '34.00%', '2024-05-26 18:37:55'),
	(713, 21, '24.44%', '2024-05-26 18:37:56'),
	(714, 22, '58.00cm', '2024-05-26 18:37:56'),
	(715, 19, '26.20ÂºC', '2024-05-26 18:37:59'),
	(716, 20, '34.00%', '2024-05-26 18:38:00'),
	(717, 21, '24.67%', '2024-05-26 18:38:00'),
	(718, 22, '357.00cm', '2024-05-26 18:38:00'),
	(719, 19, '26.20ÂºC', '2024-05-26 18:38:04'),
	(720, 20, '34.00%', '2024-05-26 18:38:04'),
	(721, 21, '25.30%', '2024-05-26 18:38:05'),
	(722, 22, '357.00cm', '2024-05-26 18:38:05'),
	(723, 19, '26.20ÂºC', '2024-05-26 18:38:08'),
	(724, 20, '34.00%', '2024-05-26 18:38:09'),
	(725, 21, '25.85%', '2024-05-26 18:38:09'),
	(726, 22, '357.00cm', '2024-05-26 18:38:10'),
	(727, 19, '26.20ÂºC', '2024-05-26 18:38:13'),
	(728, 20, '34.00%', '2024-05-26 18:38:13'),
	(729, 21, '26.19%', '2024-05-26 18:38:14'),
	(730, 22, '357.00cm', '2024-05-26 18:38:14'),
	(731, 19, '26.20ÂºC', '2024-05-26 18:38:18'),
	(732, 20, '34.00%', '2024-05-26 18:38:18'),
	(733, 21, '26.26%', '2024-05-26 18:38:18'),
	(734, 22, '357.00cm', '2024-05-26 18:38:19'),
	(735, 19, '26.20ÂºC', '2024-05-26 18:38:22'),
	(736, 20, '34.00%', '2024-05-26 18:38:23'),
	(737, 21, '26.22%', '2024-05-26 18:38:23'),
	(738, 22, '357.00cm', '2024-05-26 18:38:23'),
	(739, 19, '26.20ÂºC', '2024-05-26 18:38:27'),
	(740, 20, '35.00%', '2024-05-26 18:38:27'),
	(741, 21, '26.44%', '2024-05-26 18:38:27'),
	(742, 22, '357.00cm', '2024-05-26 18:38:28'),
	(743, 19, '26.20ÂºC', '2024-05-26 18:38:31'),
	(744, 20, '35.00%', '2024-05-26 18:38:31'),
	(745, 21, '26.30%', '2024-05-26 18:38:32'),
	(746, 22, '357.00cm', '2024-05-26 18:38:32'),
	(747, 19, '26.20ÂºC', '2024-05-26 18:38:36'),
	(748, 20, '35.00%', '2024-05-26 18:38:36'),
	(749, 21, '26.22%', '2024-05-26 18:38:36'),
	(750, 22, '28.00cm', '2024-05-26 18:38:36'),
	(751, 19, '26.20ÂºC', '2024-05-26 18:38:40'),
	(752, 20, '34.00%', '2024-05-26 18:38:40'),
	(753, 21, '26.19%', '2024-05-26 18:38:41'),
	(754, 22, '51.00cm', '2024-05-26 18:38:41'),
	(755, 19, '26.20ÂºC', '2024-05-26 18:38:44'),
	(756, 20, '34.00%', '2024-05-26 18:38:45'),
	(757, 21, '26.30%', '2024-05-26 18:38:45'),
	(758, 22, '357.00cm', '2024-05-26 18:38:45'),
	(759, 19, '26.20ÂºC', '2024-05-26 18:38:49'),
	(760, 20, '34.00%', '2024-05-26 18:38:50'),
	(761, 21, '26.33%', '2024-05-26 18:38:50'),
	(762, 22, '45.00cm', '2024-05-26 18:38:50'),
	(763, 19, '25.90ÂºC', '2024-05-26 18:53:49'),
	(764, 20, '36.00%', '2024-05-26 18:53:50'),
	(765, 21, '32.04%', '2024-05-26 18:53:50'),
	(766, 22, '21.00cm', '2024-05-26 18:53:50'),
	(767, 19, '25.90ÂºC', '2024-05-26 18:53:54'),
	(768, 20, '36.00%', '2024-05-26 18:53:54'),
	(769, 21, '32.07%', '2024-05-26 18:53:54'),
	(770, 22, '22.00cm', '2024-05-26 18:53:55'),
	(771, 19, '26.00ÂºC', '2024-05-26 18:53:58'),
	(772, 20, '36.00%', '2024-05-26 18:53:58'),
	(773, 21, '31.96%', '2024-05-26 18:53:59'),
	(774, 22, '15.00cm', '2024-05-26 18:53:59'),
	(775, 19, '26.00ÂºC', '2024-05-26 18:54:02'),
	(776, 20, '36.00%', '2024-05-26 18:54:03'),
	(777, 21, '32.00%', '2024-05-26 18:54:03'),
	(778, 22, '15.00cm', '2024-05-26 18:54:03'),
	(779, 19, '26.00ÂºC', '2024-05-26 18:54:07'),
	(780, 20, '36.00%', '2024-05-26 18:54:07'),
	(781, 21, '31.59%', '2024-05-26 18:54:07'),
	(782, 22, '13.00cm', '2024-05-26 18:54:08'),
	(783, 19, '26.00ÂºC', '2024-05-26 18:54:11'),
	(784, 20, '36.00%', '2024-05-26 18:54:11'),
	(785, 21, '31.96%', '2024-05-26 18:54:12'),
	(786, 22, '357.00cm', '2024-05-26 18:54:12'),
	(787, 19, '25.90ÂºC', '2024-05-26 18:54:16'),
	(788, 20, '36.00%', '2024-05-26 18:54:16'),
	(789, 21, '31.48%', '2024-05-26 18:54:16'),
	(790, 22, '13.00cm', '2024-05-26 18:54:17'),
	(791, 19, '25.90ÂºC', '2024-05-26 18:54:20'),
	(792, 20, '36.00%', '2024-05-26 18:54:20'),
	(793, 21, '32.26%', '2024-05-26 18:54:21'),
	(794, 22, '12.00cm', '2024-05-26 18:54:21'),
	(795, 19, '25.90ÂºC', '2024-05-26 18:54:25'),
	(796, 20, '36.00%', '2024-05-26 18:54:25'),
	(797, 21, '31.78%', '2024-05-26 18:54:25'),
	(798, 22, '13.00cm', '2024-05-26 18:54:25'),
	(799, 19, '25.90ÂºC', '2024-05-26 18:54:29'),
	(800, 20, '36.00%', '2024-05-26 18:54:29'),
	(801, 21, '32.26%', '2024-05-26 18:54:30'),
	(802, 22, '10.00cm', '2024-05-26 18:54:30'),
	(803, 19, '25.90ÂºC', '2024-05-26 18:54:34'),
	(804, 20, '36.00%', '2024-05-26 18:54:34'),
	(805, 21, '32.41%', '2024-05-26 18:54:34'),
	(806, 22, '10.00cm', '2024-05-26 18:54:35'),
	(807, 19, '25.90ÂºC', '2024-05-26 18:54:38'),
	(808, 20, '36.00%', '2024-05-26 18:54:38'),
	(809, 21, '32.56%', '2024-05-26 18:54:39'),
	(810, 22, '11.00cm', '2024-05-26 18:54:39'),
	(811, 19, '25.90ÂºC', '2024-05-26 18:54:42'),
	(812, 20, '36.00%', '2024-05-26 18:54:43'),
	(813, 21, '32.41%', '2024-05-26 18:54:43'),
	(814, 22, '11.00cm', '2024-05-26 18:54:43'),
	(815, 19, '25.90ÂºC', '2024-05-26 18:54:47'),
	(816, 20, '36.00%', '2024-05-26 18:54:47'),
	(817, 21, '32.67%', '2024-05-26 18:54:47'),
	(818, 22, '11.00cm', '2024-05-26 18:54:48'),
	(819, 19, '25.90ÂºC', '2024-05-26 18:54:51'),
	(820, 20, '36.00%', '2024-05-26 18:54:51'),
	(821, 21, '32.81%', '2024-05-26 18:54:52'),
	(822, 22, '11.00cm', '2024-05-26 18:54:52'),
	(823, 19, '25.90ÂºC', '2024-05-26 18:54:55'),
	(824, 20, '37.00%', '2024-05-26 18:54:56'),
	(825, 21, '32.78%', '2024-05-26 18:54:56'),
	(826, 22, '11.00cm', '2024-05-26 18:54:56'),
	(827, 19, '25.90ÂºC', '2024-05-26 18:55:00'),
	(828, 20, '37.00%', '2024-05-26 18:55:00'),
	(829, 21, '32.63%', '2024-05-26 18:55:00'),
	(830, 22, '11.00cm', '2024-05-26 18:55:01'),
	(831, 19, '25.90ÂºC', '2024-05-26 18:55:04'),
	(832, 20, '37.00%', '2024-05-26 18:55:05'),
	(833, 21, '32.41%', '2024-05-26 18:55:05'),
	(834, 22, '11.00cm', '2024-05-26 18:55:05'),
	(835, 19, '26.00ÂºC', '2024-05-26 18:55:09'),
	(836, 20, '37.00%', '2024-05-26 18:55:09'),
	(837, 21, '32.15%', '2024-05-26 18:55:09'),
	(838, 22, '11.00cm', '2024-05-26 18:55:10'),
	(839, 19, '26.00ÂºC', '2024-05-26 18:55:14'),
	(840, 20, '38.00%', '2024-05-26 18:55:14'),
	(841, 21, '31.15%', '2024-05-26 18:55:14'),
	(842, 22, '11.00cm', '2024-05-26 18:55:14'),
	(843, 19, '26.00ÂºC', '2024-05-26 18:55:18'),
	(844, 20, '38.00%', '2024-05-26 18:55:18'),
	(845, 21, '30.78%', '2024-05-26 18:55:18'),
	(846, 22, '11.00cm', '2024-05-26 18:55:19'),
	(847, 19, '26.00ÂºC', '2024-05-26 18:55:22'),
	(848, 20, '38.00%', '2024-05-26 18:55:23'),
	(849, 21, '30.96%', '2024-05-26 18:55:23'),
	(850, 22, '11.00cm', '2024-05-26 18:55:23'),
	(851, 19, '26.00ÂºC', '2024-05-26 18:55:27'),
	(852, 20, '37.00%', '2024-05-26 18:55:27'),
	(853, 21, '30.96%', '2024-05-26 18:55:27'),
	(854, 22, '11.00cm', '2024-05-26 18:55:28'),
	(855, 19, '26.00ÂºC', '2024-05-26 18:55:31'),
	(856, 20, '37.00%', '2024-05-26 18:55:32'),
	(857, 21, '30.89%', '2024-05-26 18:55:32'),
	(858, 22, '11.00cm', '2024-05-26 18:55:32'),
	(859, 19, '25.90ÂºC', '2024-05-26 18:55:36'),
	(860, 20, '37.00%', '2024-05-26 18:55:36'),
	(861, 21, '31.11%', '2024-05-26 18:55:37'),
	(862, 22, '11.00cm', '2024-05-26 18:55:37'),
	(863, 19, '25.90ÂºC', '2024-05-26 18:55:40'),
	(864, 20, '36.00%', '2024-05-26 18:55:41'),
	(865, 21, '31.00%', '2024-05-26 18:55:41'),
	(866, 22, '11.00cm', '2024-05-26 18:55:41'),
	(867, 19, '25.90ÂºC', '2024-05-26 18:55:45'),
	(868, 20, '36.00%', '2024-05-26 18:55:45'),
	(869, 21, '30.96%', '2024-05-26 18:55:45'),
	(870, 22, '11.00cm', '2024-05-26 18:55:46'),
	(871, 19, '25.90ÂºC', '2024-05-26 18:55:49'),
	(872, 20, '36.00%', '2024-05-26 18:55:50'),
	(873, 21, '30.74%', '2024-05-26 18:55:50'),
	(874, 22, '11.00cm', '2024-05-26 18:55:50'),
	(875, 19, '25.90ÂºC', '2024-05-26 18:55:54'),
	(876, 20, '36.00%', '2024-05-26 18:55:54'),
	(877, 21, '30.96%', '2024-05-26 18:55:54'),
	(878, 22, '11.00cm', '2024-05-26 18:55:55'),
	(879, 19, '26.00ÂºC', '2024-05-26 18:55:58'),
	(880, 20, '36.00%', '2024-05-26 18:55:58'),
	(881, 21, '31.67%', '2024-05-26 18:55:59'),
	(882, 22, '11.00cm', '2024-05-26 18:55:59'),
	(883, 19, '26.00ÂºC', '2024-05-26 18:56:02'),
	(884, 20, '36.00%', '2024-05-26 18:56:03'),
	(885, 21, '32.15%', '2024-05-26 18:56:03'),
	(886, 22, '11.00cm', '2024-05-26 18:56:03'),
	(887, 19, '26.00ÂºC', '2024-05-26 18:56:07'),
	(888, 20, '36.00%', '2024-05-26 18:56:07'),
	(889, 21, '32.52%', '2024-05-26 18:56:08'),
	(890, 22, '11.00cm', '2024-05-26 18:56:08'),
	(891, 19, '26.00ÂºC', '2024-05-26 18:56:11'),
	(892, 20, '36.00%', '2024-05-26 18:56:12'),
	(893, 21, '32.37%', '2024-05-26 18:56:12'),
	(894, 22, '11.00cm', '2024-05-26 18:56:12'),
	(895, 19, '26.00ÂºC', '2024-05-26 18:56:16'),
	(896, 20, '36.00%', '2024-05-26 18:56:16'),
	(897, 21, '32.56%', '2024-05-26 18:56:16'),
	(898, 22, '11.00cm', '2024-05-26 18:56:17'),
	(899, 19, '26.00ÂºC', '2024-05-26 18:56:32'),
	(900, 20, '36.00%', '2024-05-26 18:56:32'),
	(901, 21, '32.11%', '2024-05-26 18:56:33'),
	(902, 22, '11.00cm', '2024-05-26 18:56:33'),
	(903, 19, '26.00ÂºC', '2024-05-26 18:56:37'),
	(904, 20, '36.00%', '2024-05-26 18:56:37'),
	(905, 21, '32.11%', '2024-05-26 18:56:37'),
	(906, 22, '11.00cm', '2024-05-26 18:56:38'),
	(907, 19, '26.10ÂºC', '2024-05-26 18:56:42'),
	(908, 20, '36.00%', '2024-05-26 18:56:42'),
	(909, 21, '31.56%', '2024-05-26 18:56:42'),
	(910, 22, '11.00cm', '2024-05-26 18:56:42'),
	(911, 19, '26.10ÂºC', '2024-05-26 18:56:46'),
	(912, 20, '36.00%', '2024-05-26 18:56:46'),
	(913, 21, '31.15%', '2024-05-26 18:56:47'),
	(914, 22, '11.00cm', '2024-05-26 18:56:47'),
	(915, 19, '26.10ÂºC', '2024-05-26 18:56:50'),
	(916, 20, '36.00%', '2024-05-26 18:56:51'),
	(917, 21, '31.00%', '2024-05-26 18:56:52'),
	(918, 22, '15.00cm', '2024-05-26 18:56:52'),
	(919, 19, '26.00ÂºC', '2024-05-26 18:56:56'),
	(920, 20, '37.00%', '2024-05-26 18:56:56'),
	(921, 21, '30.93%', '2024-05-26 18:56:56'),
	(922, 22, '14.00cm', '2024-05-26 18:56:57'),
	(923, 19, '26.10ÂºC', '2024-05-26 18:57:00'),
	(924, 20, '37.00%', '2024-05-26 18:57:00'),
	(925, 21, '30.85%', '2024-05-26 18:57:01'),
	(926, 22, '15.00cm', '2024-05-26 18:57:01'),
	(927, 19, '26.00ÂºC', '2024-05-26 18:57:05'),
	(928, 20, '36.00%', '2024-05-26 18:57:05'),
	(929, 21, '30.93%', '2024-05-26 18:57:05'),
	(930, 22, '16.00cm', '2024-05-26 18:57:06'),
	(931, 19, '26.00ÂºC', '2024-05-26 18:57:09'),
	(932, 20, '36.00%', '2024-05-26 18:57:09'),
	(933, 21, '30.96%', '2024-05-26 18:57:10'),
	(934, 22, '14.00cm', '2024-05-26 18:57:10'),
	(935, 19, '26.00ÂºC', '2024-05-26 18:57:14'),
	(936, 20, '36.00%', '2024-05-26 18:57:14'),
	(937, 21, '30.78%', '2024-05-26 18:57:14'),
	(938, 22, '14.00cm', '2024-05-26 18:57:14'),
	(939, 19, '26.00ÂºC', '2024-05-26 18:57:18'),
	(940, 20, '36.00%', '2024-05-26 18:57:18'),
	(941, 21, '30.85%', '2024-05-26 18:57:19'),
	(942, 22, '15.00cm', '2024-05-26 18:57:19'),
	(943, 19, '26.00ÂºC', '2024-05-26 18:57:23'),
	(944, 20, '36.00%', '2024-05-26 18:57:24'),
	(945, 21, '30.30%', '2024-05-26 18:57:24'),
	(946, 22, '15.00cm', '2024-05-26 18:57:24'),
	(947, 19, '26.00ÂºC', '2024-05-26 18:57:28'),
	(948, 20, '36.00%', '2024-05-26 18:57:28'),
	(949, 21, '30.56%', '2024-05-26 18:57:28'),
	(950, 22, '16.00cm', '2024-05-26 18:57:29'),
	(951, 19, '26.00ÂºC', '2024-05-26 18:57:32'),
	(952, 20, '36.00%', '2024-05-26 18:57:32'),
	(953, 21, '30.59%', '2024-05-26 18:57:33'),
	(954, 22, '16.00cm', '2024-05-26 18:57:33'),
	(955, 19, '26.00ÂºC', '2024-05-26 18:57:37'),
	(956, 20, '36.00%', '2024-05-26 18:57:38'),
	(957, 21, '31.15%', '2024-05-26 18:57:38'),
	(958, 22, '16.00cm', '2024-05-26 18:57:38'),
	(959, 19, '26.00ÂºC', '2024-05-26 18:57:42'),
	(960, 20, '36.00%', '2024-05-26 18:57:42'),
	(961, 21, '30.96%', '2024-05-26 18:57:42'),
	(962, 22, '16.00cm', '2024-05-26 18:57:42'),
	(963, 19, '26.00ÂºC', '2024-05-26 18:57:46'),
	(964, 20, '36.00%', '2024-05-26 18:57:46'),
	(965, 21, '30.93%', '2024-05-26 18:57:47'),
	(966, 22, '17.00cm', '2024-05-26 18:57:47'),
	(967, 19, '26.10ÂºC', '2024-05-26 18:57:51'),
	(968, 20, '36.00%', '2024-05-26 18:57:51'),
	(969, 21, '31.04%', '2024-05-26 18:57:51'),
	(970, 22, '12.00cm', '2024-05-26 18:57:52'),
	(971, 19, '26.00ÂºC', '2024-05-26 18:57:55'),
	(972, 20, '36.00%', '2024-05-26 18:57:55'),
	(973, 21, '30.93%', '2024-05-26 18:57:56'),
	(974, 22, '15.00cm', '2024-05-26 18:57:56'),
	(975, 19, '26.00ÂºC', '2024-05-26 18:58:00'),
	(976, 20, '36.00%', '2024-05-26 18:58:00'),
	(977, 21, '30.48%', '2024-05-26 18:58:01'),
	(978, 22, '14.00cm', '2024-05-26 18:58:01'),
	(979, 19, '26.00ÂºC', '2024-05-26 18:58:05'),
	(980, 20, '36.00%', '2024-05-26 18:58:05'),
	(981, 21, '30.48%', '2024-05-26 18:58:06'),
	(982, 22, '15.00cm', '2024-05-26 18:58:06'),
	(983, 19, '26.00ÂºC', '2024-05-26 18:58:09'),
	(984, 20, '36.00%', '2024-05-26 18:58:10'),
	(985, 21, '30.26%', '2024-05-26 18:58:10'),
	(986, 22, '15.00cm', '2024-05-26 18:58:11'),
	(987, 19, '26.00ÂºC', '2024-05-26 18:58:14'),
	(988, 20, '36.00%', '2024-05-26 18:58:15'),
	(989, 21, '30.59%', '2024-05-26 18:58:15'),
	(990, 22, '55.00cm', '2024-05-26 18:58:15'),
	(991, 19, '26.00ÂºC', '2024-05-26 18:58:19'),
	(992, 20, '36.00%', '2024-05-26 18:58:19'),
	(993, 21, '30.63%', '2024-05-26 18:58:19'),
	(994, 22, '21.00cm', '2024-05-26 18:58:20'),
	(995, 19, '26.10ÂºC', '2024-05-26 18:58:23'),
	(996, 20, '36.00%', '2024-05-26 18:58:23'),
	(997, 21, '30.19%', '2024-05-26 18:58:24'),
	(998, 22, '19.00cm', '2024-05-26 18:58:24'),
	(999, 19, '26.10ÂºC', '2024-05-26 18:58:28'),
	(1000, 20, '36.00%', '2024-05-26 18:58:28'),
	(1001, 21, '29.96%', '2024-05-26 18:58:28'),
	(1002, 22, '19.00cm', '2024-05-26 18:58:28'),
	(1003, 19, '26.00ÂºC', '2024-05-26 18:58:32'),
	(1004, 20, '36.00%', '2024-05-26 18:58:33'),
	(1005, 21, '29.89%', '2024-05-26 18:58:33'),
	(1006, 22, '357.00cm', '2024-05-26 18:58:33'),
	(1007, 19, '26.10ÂºC', '2024-05-26 18:58:37'),
	(1008, 20, '36.00%', '2024-05-26 18:58:37'),
	(1009, 21, '29.41%', '2024-05-26 18:58:37'),
	(1010, 22, '50.00cm', '2024-05-26 18:58:37'),
	(1011, 19, '26.10ÂºC', '2024-05-26 18:58:41'),
	(1012, 20, '36.00%', '2024-05-26 18:58:41'),
	(1013, 21, '29.19%', '2024-05-26 18:58:42'),
	(1014, 22, '50.00cm', '2024-05-26 18:58:42'),
	(1015, 19, '26.10ÂºC', '2024-05-26 18:58:46'),
	(1016, 20, '36.00%', '2024-05-26 18:58:46'),
	(1017, 21, '28.93%', '2024-05-26 18:58:46'),
	(1018, 22, '51.00cm', '2024-05-26 18:58:46'),
	(1019, 19, '26.10ÂºC', '2024-05-26 18:58:50'),
	(1020, 20, '36.00%', '2024-05-26 18:58:50'),
	(1021, 21, '28.74%', '2024-05-26 18:58:50'),
	(1022, 22, '51.00cm', '2024-05-26 18:58:51'),
	(1023, 19, '26.10ÂºC', '2024-05-26 18:58:54'),
	(1024, 20, '36.00%', '2024-05-26 18:58:55'),
	(1025, 21, '28.48%', '2024-05-26 18:58:55'),
	(1026, 22, '31.00cm', '2024-05-26 18:58:55'),
	(1027, 19, '26.10ÂºC', '2024-05-26 18:58:59'),
	(1028, 20, '36.00%', '2024-05-26 18:58:59'),
	(1029, 21, '28.07%', '2024-05-26 18:58:59'),
	(1030, 22, '52.00cm', '2024-05-26 18:58:59'),
	(1031, 19, '26.10ÂºC', '2024-05-26 18:59:03'),
	(1032, 20, '36.00%', '2024-05-26 18:59:03'),
	(1033, 21, '27.67%', '2024-05-26 18:59:04'),
	(1034, 22, '26.00cm', '2024-05-26 18:59:04'),
	(1035, 19, '26.10ÂºC', '2024-05-26 18:59:07'),
	(1036, 20, '36.00%', '2024-05-26 18:59:08'),
	(1037, 21, '27.07%', '2024-05-26 18:59:08'),
	(1038, 22, '22.00cm', '2024-05-26 18:59:08'),
	(1039, 19, '26.10ÂºC', '2024-05-26 18:59:12'),
	(1040, 20, '36.00%', '2024-05-26 18:59:12'),
	(1041, 21, '27.44%', '2024-05-26 18:59:12'),
	(1042, 22, '44.00cm', '2024-05-26 18:59:13'),
	(1043, 19, '26.10ÂºC', '2024-05-26 18:59:16'),
	(1044, 20, '36.00%', '2024-05-26 18:59:16'),
	(1045, 21, '27.19%', '2024-05-26 18:59:17'),
	(1046, 22, '357.00cm', '2024-05-26 18:59:17'),
	(1047, 19, '26.10ÂºC', '2024-05-26 18:59:20'),
	(1048, 20, '37.00%', '2024-05-26 18:59:21'),
	(1049, 21, '26.78%', '2024-05-26 18:59:21'),
	(1050, 22, '69.00cm', '2024-05-26 18:59:22'),
	(1051, 23, '26.10ÂºC', '2024-05-26 18:59:35'),
	(1052, 25, '37.00%', '2024-05-26 18:59:36'),
	(1053, 26, '26.56%', '2024-05-26 18:59:36'),
	(1054, 27, '357.00cm', '2024-05-26 18:59:36'),
	(1055, 23, '26.10ÂºC', '2024-05-26 18:59:40'),
	(1056, 25, '37.00%', '2024-05-26 18:59:40'),
	(1057, 26, '26.22%', '2024-05-26 18:59:40'),
	(1058, 27, '357.00cm', '2024-05-26 18:59:41'),
	(1059, 23, '26.10ÂºC', '2024-05-26 18:59:45'),
	(1060, 25, '36.00%', '2024-05-26 18:59:45'),
	(1061, 26, '25.67%', '2024-05-26 18:59:45'),
	(1062, 27, '357.00cm', '2024-05-26 18:59:46'),
	(1063, 23, '26.10ÂºC', '2024-05-26 18:59:53'),
	(1064, 25, '36.00%', '2024-05-26 18:59:54'),
	(1065, 26, '25.52%', '2024-05-26 18:59:54'),
	(1066, 27, '357.00cm', '2024-05-26 18:59:54'),
	(1067, 23, '26.10ÂºC', '2024-05-26 18:59:58'),
	(1068, 25, '36.00%', '2024-05-26 18:59:59'),
	(1069, 26, '25.52%', '2024-05-26 18:59:59'),
	(1070, 27, '357.00cm', '2024-05-26 18:59:59'),
	(1071, 23, '26.10ÂºC', '2024-05-26 19:00:03'),
	(1072, 25, '36.00%', '2024-05-26 19:00:03'),
	(1073, 26, '25.33%', '2024-05-26 19:00:03'),
	(1074, 27, '357.00cm', '2024-05-26 19:00:04'),
	(1075, 23, '26.10ÂºC', '2024-05-26 19:00:07'),
	(1076, 25, '36.00%', '2024-05-26 19:00:07'),
	(1077, 26, '25.00%', '2024-05-26 19:00:08'),
	(1078, 27, '126.00cm', '2024-05-26 19:00:08'),
	(1079, 23, '26.10ÂºC', '2024-05-26 19:00:11'),
	(1080, 25, '36.00%', '2024-05-26 19:00:12'),
	(1081, 26, '24.96%', '2024-05-26 19:00:12'),
	(1082, 27, '357.00cm', '2024-05-26 19:00:12'),
	(1083, 23, '26.10ÂºC', '2024-05-26 19:00:16'),
	(1084, 25, '36.00%', '2024-05-26 19:00:16'),
	(1085, 26, '25.04%', '2024-05-26 19:00:16'),
	(1086, 27, '357.00cm', '2024-05-26 19:00:17'),
	(1087, 23, '26.10ÂºC', '2024-05-26 19:00:20'),
	(1088, 25, '36.00%', '2024-05-26 19:00:21'),
	(1089, 26, '25.04%', '2024-05-26 19:00:21'),
	(1090, 27, '357.00cm', '2024-05-26 19:00:21'),
	(1091, 23, '26.10ÂºC', '2024-05-26 19:00:25'),
	(1092, 25, '36.00%', '2024-05-26 19:00:25'),
	(1093, 26, '24.96%', '2024-05-26 19:00:25'),
	(1094, 27, '357.00cm', '2024-05-26 19:00:27'),
	(1095, 23, '26.10ÂºC', '2024-05-26 19:00:30'),
	(1096, 25, '36.00%', '2024-05-26 19:00:31'),
	(1097, 26, '24.63%', '2024-05-26 19:00:31'),
	(1098, 27, '17.00cm', '2024-05-26 19:00:31'),
	(1099, 23, '26.10ÂºC', '2024-05-26 19:00:35'),
	(1100, 25, '36.00%', '2024-05-26 19:00:35'),
	(1101, 26, '24.41%', '2024-05-26 19:00:35'),
	(1102, 27, '7.00cm', '2024-05-26 19:00:36'),
	(1103, 23, '26.20ÂºC', '2024-05-26 19:00:39'),
	(1104, 25, '36.00%', '2024-05-26 19:00:40'),
	(1105, 26, '24.04%', '2024-05-26 19:00:40'),
	(1106, 27, '8.00cm', '2024-05-26 19:00:40'),
	(1107, 23, '26.20ÂºC', '2024-05-26 19:00:44'),
	(1108, 25, '36.00%', '2024-05-26 19:00:44'),
	(1109, 26, '24.70%', '2024-05-26 19:00:45'),
	(1110, 27, '8.00cm', '2024-05-26 19:00:45'),
	(1111, 23, '26.20ÂºC', '2024-05-26 19:00:49'),
	(1112, 25, '36.00%', '2024-05-26 19:00:49'),
	(1113, 26, '25.11%', '2024-05-26 19:00:50'),
	(1114, 27, '7.00cm', '2024-05-26 19:00:50'),
	(1115, 23, '26.20ÂºC', '2024-05-26 19:00:53'),
	(1116, 25, '36.00%', '2024-05-26 19:00:54'),
	(1117, 26, '25.56%', '2024-05-26 19:00:54'),
	(1118, 27, '7.00cm', '2024-05-26 19:00:55'),
	(1119, 23, '26.20ÂºC', '2024-05-26 19:00:58'),
	(1120, 25, '36.00%', '2024-05-26 19:00:58'),
	(1121, 26, '25.48%', '2024-05-26 19:00:59'),
	(1122, 27, '10.00cm', '2024-05-26 19:00:59'),
	(1123, 23, '26.10ÂºC', '2024-05-26 19:01:03'),
	(1124, 25, '36.00%', '2024-05-26 19:01:03'),
	(1125, 26, '25.04%', '2024-05-26 19:01:03'),
	(1126, 27, '10.00cm', '2024-05-26 19:01:04'),
	(1127, 23, '26.10ÂºC', '2024-05-26 19:01:07'),
	(1128, 25, '36.00%', '2024-05-26 19:01:08'),
	(1129, 26, '24.63%', '2024-05-26 19:01:09'),
	(1130, 27, '10.00cm', '2024-05-26 19:01:09'),
	(1131, 23, '26.10ÂºC', '2024-05-26 19:01:12'),
	(1132, 25, '36.00%', '2024-05-26 19:01:13'),
	(1133, 26, '24.52%', '2024-05-26 19:01:13'),
	(1134, 27, '11.00cm', '2024-05-26 19:01:13'),
	(1135, 23, '26.10ÂºC', '2024-05-26 19:01:17'),
	(1136, 25, '36.00%', '2024-05-26 19:01:17'),
	(1137, 26, '24.26%', '2024-05-26 19:01:18'),
	(1138, 27, '10.00cm', '2024-05-26 19:01:18'),
	(1139, 23, '26.10ÂºC', '2024-05-26 19:01:22'),
	(1140, 25, '36.00%', '2024-05-26 19:01:23'),
	(1141, 26, '23.93%', '2024-05-26 19:01:23'),
	(1142, 27, '10.00cm', '2024-05-26 19:01:23'),
	(1143, 23, '26.10ÂºC', '2024-05-26 19:01:27'),
	(1144, 25, '36.00%', '2024-05-26 19:01:27'),
	(1145, 26, '23.78%', '2024-05-26 19:01:27'),
	(1146, 27, '11.00cm', '2024-05-26 19:01:28'),
	(1147, 23, '26.10ÂºC', '2024-05-26 19:01:31'),
	(1148, 25, '36.00%', '2024-05-26 19:01:31'),
	(1149, 26, '23.41%', '2024-05-26 19:01:32'),
	(1150, 27, '10.00cm', '2024-05-26 19:01:32'),
	(1151, 23, '26.20ÂºC', '2024-05-26 19:01:35'),
	(1152, 25, '36.00%', '2024-05-26 19:01:36'),
	(1153, 26, '23.22%', '2024-05-26 19:01:36'),
	(1154, 27, '11.00cm', '2024-05-26 19:01:37'),
	(1155, 23, '26.10ÂºC', '2024-05-26 19:01:40'),
	(1156, 25, '36.00%', '2024-05-26 19:01:41'),
	(1157, 26, '23.07%', '2024-05-26 19:01:41'),
	(1158, 27, '11.00cm', '2024-05-26 19:01:41'),
	(1159, 23, '26.10ÂºC', '2024-05-26 19:01:45'),
	(1160, 25, '36.00%', '2024-05-26 19:01:46'),
	(1161, 26, '22.48%', '2024-05-26 19:01:46'),
	(1162, 27, '11.00cm', '2024-05-26 19:01:46'),
	(1163, 23, '26.10ÂºC', '2024-05-26 19:01:50'),
	(1164, 25, '36.00%', '2024-05-26 19:01:50'),
	(1165, 26, '22.63%', '2024-05-26 19:01:51'),
	(1166, 27, '10.00cm', '2024-05-26 19:01:51'),
	(1167, 28, '26.10ÂºC', '2024-05-26 19:02:10'),
	(1168, 30, '36.00%', '2024-05-26 19:02:10'),
	(1169, 31, '22.44%', '2024-05-26 19:02:11'),
	(1170, 32, '11.00cm', '2024-05-26 19:02:11'),
	(1171, 28, '26.10ÂºC', '2024-05-26 19:02:15'),
	(1172, 30, '36.00%', '2024-05-26 19:02:15'),
	(1173, 31, '22.52%', '2024-05-26 19:02:15'),
	(1174, 32, '7.00cm', '2024-05-26 19:02:16'),
	(1175, 28, '26.10ÂºC', '2024-05-26 19:02:19'),
	(1176, 30, '36.00%', '2024-05-26 19:02:19'),
	(1177, 31, '22.67%', '2024-05-26 19:02:20'),
	(1178, 32, '13.00cm', '2024-05-26 19:02:20'),
	(1179, 28, '26.10ÂºC', '2024-05-26 19:02:23'),
	(1180, 30, '36.00%', '2024-05-26 19:02:24'),
	(1181, 31, '22.78%', '2024-05-26 19:02:24'),
	(1182, 32, '6.00cm', '2024-05-26 19:02:24'),
	(1183, 28, '26.10ÂºC', '2024-05-26 19:02:28'),
	(1184, 30, '36.00%', '2024-05-26 19:02:29'),
	(1185, 31, '23.19%', '2024-05-26 19:02:29'),
	(1186, 32, '5.00cm', '2024-05-26 19:02:30'),
	(1187, 28, '26.10ÂºC', '2024-05-26 19:02:33'),
	(1188, 30, '36.00%', '2024-05-26 19:02:33'),
	(1189, 31, '23.67%', '2024-05-26 19:02:34'),
	(1190, 32, '5.00cm', '2024-05-26 19:02:34'),
	(1191, 28, '26.10ÂºC', '2024-05-26 19:02:38'),
	(1192, 30, '36.00%', '2024-05-26 19:02:38'),
	(1193, 31, '24.56%', '2024-05-26 19:02:38'),
	(1194, 32, '6.00cm', '2024-05-26 19:02:39'),
	(1195, 28, '26.10ÂºC', '2024-05-26 19:02:42'),
	(1196, 30, '36.00%', '2024-05-26 19:02:42'),
	(1197, 31, '25.59%', '2024-05-26 19:02:43'),
	(1198, 32, '6.00cm', '2024-05-26 19:02:43'),
	(1199, 28, '26.10ÂºC', '2024-05-26 19:02:47'),
	(1200, 30, '36.00%', '2024-05-26 19:02:47'),
	(1201, 31, '26.41%', '2024-05-26 19:02:47'),
	(1202, 32, '8.00cm', '2024-05-26 19:02:48'),
	(1203, 28, '26.00ÂºC', '2024-05-26 19:02:51'),
	(1204, 30, '36.00%', '2024-05-26 19:02:51'),
	(1205, 31, '26.48%', '2024-05-26 19:02:52'),
	(1206, 32, '10.00cm', '2024-05-26 19:02:52'),
	(1207, 28, '26.10ÂºC', '2024-05-26 19:02:56'),
	(1208, 30, '36.00%', '2024-05-26 19:02:56'),
	(1209, 31, '26.33%', '2024-05-26 19:02:56'),
	(1210, 32, '10.00cm', '2024-05-26 19:02:56'),
	(1211, 28, '26.10ÂºC', '2024-05-26 19:03:00'),
	(1212, 30, '36.00%', '2024-05-26 19:03:01'),
	(1213, 31, '26.04%', '2024-05-26 19:03:01'),
	(1214, 32, '10.00cm', '2024-05-26 19:03:01'),
	(1215, 28, '26.10ÂºC', '2024-05-26 19:03:05'),
	(1216, 30, '36.00%', '2024-05-26 19:03:05'),
	(1217, 31, '25.48%', '2024-05-26 19:03:06'),
	(1218, 32, '68.00cm', '2024-05-26 19:03:06'),
	(1219, 28, '26.10ÂºC', '2024-05-26 19:03:09'),
	(1220, 30, '36.00%', '2024-05-26 19:03:10'),
	(1221, 31, '24.96%', '2024-05-26 19:03:10'),
	(1222, 32, '22.00cm', '2024-05-26 19:03:10'),
	(1223, 28, '26.10ÂºC', '2024-05-26 19:03:14'),
	(1224, 30, '36.00%', '2024-05-26 19:03:14'),
	(1225, 31, '25.19%', '2024-05-26 19:03:15'),
	(1226, 32, '24.00cm', '2024-05-26 19:03:15'),
	(1227, 28, '26.10ÂºC', '2024-05-26 19:03:20'),
	(1228, 30, '36.00%', '2024-05-26 19:03:20'),
	(1229, 31, '25.85%', '2024-05-26 19:03:20'),
	(1230, 32, '14.00cm', '2024-05-26 19:03:21'),
	(1231, 28, '26.10ÂºC', '2024-05-26 19:03:24'),
	(1232, 30, '36.00%', '2024-05-26 19:03:24'),
	(1233, 31, '25.59%', '2024-05-26 19:03:25'),
	(1234, 32, '13.00cm', '2024-05-26 19:03:25'),
	(1235, 28, '26.10ÂºC', '2024-05-26 19:03:29'),
	(1236, 30, '36.00%', '2024-05-26 19:03:29'),
	(1237, 31, '25.74%', '2024-05-26 19:03:29'),
	(1238, 32, '13.00cm', '2024-05-26 19:03:30'),
	(1239, 28, '26.10ÂºC', '2024-05-26 19:03:33'),
	(1240, 30, '36.00%', '2024-05-26 19:03:33'),
	(1241, 31, '27.15%', '2024-05-26 19:03:34'),
	(1242, 32, '13.00cm', '2024-05-26 19:03:34'),
	(1243, 28, '26.10ÂºC', '2024-05-26 19:03:38'),
	(1244, 30, '36.00%', '2024-05-26 19:03:38'),
	(1245, 31, '24.33%', '2024-05-26 19:03:38'),
	(1246, 32, '13.00cm', '2024-05-26 19:03:38'),
	(1247, 28, '26.10ÂºC', '2024-05-26 19:03:42'),
	(1248, 30, '36.00%', '2024-05-26 19:03:42'),
	(1249, 31, '24.11%', '2024-05-26 19:03:43'),
	(1250, 32, '13.00cm', '2024-05-26 19:03:43'),
	(1251, 28, '26.10ÂºC', '2024-05-26 19:03:47'),
	(1252, 30, '36.00%', '2024-05-26 19:03:47'),
	(1253, 31, '24.11%', '2024-05-26 19:03:47'),
	(1254, 32, '13.00cm', '2024-05-26 19:03:47'),
	(1255, 28, '26.10ÂºC', '2024-05-26 19:03:51'),
	(1256, 30, '36.00%', '2024-05-26 19:03:51'),
	(1257, 31, '24.19%', '2024-05-26 19:03:51'),
	(1258, 32, '13.00cm', '2024-05-26 19:03:52'),
	(1259, 28, '26.10ÂºC', '2024-05-26 19:03:56'),
	(1260, 30, '36.00%', '2024-05-26 19:03:56'),
	(1261, 31, '24.04%', '2024-05-26 19:03:56'),
	(1262, 32, '13.00cm', '2024-05-26 19:03:56'),
	(1263, 33, '26.10ÂºC', '2024-05-26 19:04:11'),
	(1264, 34, '37.00%', '2024-05-26 19:04:11'),
	(1265, 35, '24.11%', '2024-05-26 19:04:12'),
	(1266, 36, '12.00cm', '2024-05-26 19:04:12'),
	(1267, 33, '26.10ÂºC', '2024-05-26 19:04:16'),
	(1268, 34, '37.00%', '2024-05-26 19:04:16'),
	(1269, 35, '24.33%', '2024-05-26 19:04:16'),
	(1270, 36, '12.00cm', '2024-05-26 19:04:17'),
	(1271, 33, '26.10ÂºC', '2024-05-26 19:04:20'),
	(1272, 34, '37.00%', '2024-05-26 19:04:20'),
	(1273, 35, '24.44%', '2024-05-26 19:04:21'),
	(1274, 36, '12.00cm', '2024-05-26 19:04:21'),
	(1275, 33, '26.10ÂºC', '2024-05-26 19:04:25'),
	(1276, 34, '37.00%', '2024-05-26 19:04:25'),
	(1277, 35, '24.63%', '2024-05-26 19:04:25'),
	(1278, 36, '12.00cm', '2024-05-26 19:04:25'),
	(1279, 33, '26.10ÂºC', '2024-05-26 19:04:29'),
	(1280, 34, '37.00%', '2024-05-26 19:04:29'),
	(1281, 35, '24.93%', '2024-05-26 19:04:30'),
	(1282, 36, '12.00cm', '2024-05-26 19:04:30'),
	(1283, 33, '26.00ÂºC', '2024-05-26 19:04:33'),
	(1284, 34, '37.00%', '2024-05-26 19:04:34'),
	(1285, 35, '25.04%', '2024-05-26 19:04:34'),
	(1286, 36, '12.00cm', '2024-05-26 19:04:34'),
	(1287, 33, '26.00ÂºC', '2024-05-26 19:04:38'),
	(1288, 34, '37.00%', '2024-05-26 19:04:38'),
	(1289, 35, '25.22%', '2024-05-26 19:04:39'),
	(1290, 36, '12.00cm', '2024-05-26 19:04:39'),
	(1291, 33, '26.00ÂºC', '2024-05-26 19:04:42'),
	(1292, 34, '37.00%', '2024-05-26 19:04:43'),
	(1293, 35, '24.67%', '2024-05-26 19:04:43'),
	(1294, 36, '12.00cm', '2024-05-26 19:04:43'),
	(1295, 33, '26.00ÂºC', '2024-05-26 19:04:47'),
	(1296, 34, '37.00%', '2024-05-26 19:04:47'),
	(1297, 35, '25.67%', '2024-05-26 19:04:47'),
	(1298, 36, '12.00cm', '2024-05-26 19:04:48'),
	(1299, 33, '26.00ÂºC', '2024-05-26 19:04:51'),
	(1300, 34, '37.00%', '2024-05-26 19:04:51'),
	(1301, 35, '26.00%', '2024-05-26 19:04:52'),
	(1302, 36, '12.00cm', '2024-05-26 19:04:52'),
	(1303, 33, '26.00ÂºC', '2024-05-26 19:04:55'),
	(1304, 34, '36.00%', '2024-05-26 19:04:56'),
	(1305, 35, '26.22%', '2024-05-26 19:04:56'),
	(1306, 36, '12.00cm', '2024-05-26 19:04:56'),
	(1307, 33, '26.00ÂºC', '2024-05-26 19:05:00'),
	(1308, 34, '36.00%', '2024-05-26 19:05:00'),
	(1309, 35, '26.07%', '2024-05-26 19:05:01'),
	(1310, 36, '12.00cm', '2024-05-26 19:05:02'),
	(1311, 33, '26.00ÂºC', '2024-05-26 19:05:05'),
	(1312, 34, '36.00%', '2024-05-26 19:05:05'),
	(1313, 35, '26.22%', '2024-05-26 19:05:06'),
	(1314, 36, '12.00cm', '2024-05-26 19:05:06'),
	(1315, 33, '26.00ÂºC', '2024-05-26 19:05:09'),
	(1316, 34, '36.00%', '2024-05-26 19:05:10'),
	(1317, 35, '26.22%', '2024-05-26 19:05:10'),
	(1318, 36, '12.00cm', '2024-05-26 19:05:10'),
	(1319, 33, '25.90ÂºC', '2024-05-26 19:05:14'),
	(1320, 34, '36.00%', '2024-05-26 19:05:14'),
	(1321, 35, '26.22%', '2024-05-26 19:05:14'),
	(1322, 36, '12.00cm', '2024-05-26 19:05:15'),
	(1323, 33, '26.00ÂºC', '2024-05-26 19:05:18'),
	(1324, 34, '36.00%', '2024-05-26 19:05:19'),
	(1325, 35, '26.19%', '2024-05-26 19:05:19'),
	(1326, 36, '12.00cm', '2024-05-26 19:05:19'),
	(1327, 33, '25.90ÂºC', '2024-05-26 19:05:24'),
	(1328, 34, '36.00%', '2024-05-26 19:05:24'),
	(1329, 35, '26.15%', '2024-05-26 19:05:24'),
	(1330, 36, '12.00cm', '2024-05-26 19:05:25'),
	(1331, 33, '25.90ÂºC', '2024-05-26 19:05:29'),
	(1332, 34, '36.00%', '2024-05-26 19:05:29'),
	(1333, 35, '26.78%', '2024-05-26 19:05:29'),
	(1334, 36, '12.00cm', '2024-05-26 19:05:30'),
	(1335, 33, '26.00ÂºC', '2024-05-26 19:05:33'),
	(1336, 34, '36.00%', '2024-05-26 19:05:33'),
	(1337, 35, '27.41%', '2024-05-26 19:05:34'),
	(1338, 36, '12.00cm', '2024-05-26 19:05:34'),
	(1339, 33, '25.90ÂºC', '2024-05-26 19:05:38'),
	(1340, 34, '36.00%', '2024-05-26 19:05:38'),
	(1341, 35, '27.30%', '2024-05-26 19:05:38'),
	(1342, 36, '7.00cm', '2024-05-26 19:05:39'),
	(1343, 33, '25.90ÂºC', '2024-05-26 19:05:42'),
	(1344, 34, '36.00%', '2024-05-26 19:05:43'),
	(1345, 35, '27.15%', '2024-05-26 19:05:43'),
	(1346, 36, '10.00cm', '2024-05-26 19:05:43'),
	(1347, 33, '25.90ÂºC', '2024-05-26 19:05:47'),
	(1348, 34, '36.00%', '2024-05-26 19:05:47'),
	(1349, 35, '26.78%', '2024-05-26 19:05:47'),
	(1350, 36, '10.00cm', '2024-05-26 19:05:47'),
	(1351, 33, '26.00ÂºC', '2024-05-26 19:05:51'),
	(1352, 34, '36.00%', '2024-05-26 19:05:51'),
	(1353, 35, '27.19%', '2024-05-26 19:05:52'),
	(1354, 36, '11.00cm', '2024-05-26 19:05:52'),
	(1355, 33, '26.00ÂºC', '2024-05-26 19:05:55'),
	(1356, 34, '36.00%', '2024-05-26 19:05:56'),
	(1357, 35, '26.74%', '2024-05-26 19:05:56'),
	(1358, 36, '10.00cm', '2024-05-26 19:05:56'),
	(1359, 33, '26.00ÂºC', '2024-05-26 19:06:00'),
	(1360, 34, '36.00%', '2024-05-26 19:06:00'),
	(1361, 35, '27.44%', '2024-05-26 19:06:01'),
	(1362, 36, '10.00cm', '2024-05-26 19:06:02'),
	(1363, 33, '26.00ÂºC', '2024-05-26 19:06:06'),
	(1364, 34, '36.00%', '2024-05-26 19:06:06'),
	(1365, 35, '27.48%', '2024-05-26 19:06:07'),
	(1366, 36, '12.00cm', '2024-05-26 19:06:07'),
	(1367, 33, '26.00ÂºC', '2024-05-26 19:06:10'),
	(1368, 34, '36.00%', '2024-05-26 19:06:11'),
	(1369, 35, '28.56%', '2024-05-26 19:06:11'),
	(1370, 36, '357.00cm', '2024-05-26 19:06:11'),
	(1371, 33, '26.00ÂºC', '2024-05-26 19:06:15'),
	(1372, 34, '36.00%', '2024-05-26 19:06:15'),
	(1373, 35, '28.67%', '2024-05-26 19:06:15'),
	(1374, 36, '9.00cm', '2024-05-26 19:06:16'),
	(1375, 33, '26.00ÂºC', '2024-05-26 19:06:20'),
	(1376, 34, '36.00%', '2024-05-26 19:06:20'),
	(1377, 35, '29.00%', '2024-05-26 19:06:20'),
	(1378, 36, '9.00cm', '2024-05-26 19:06:21'),
	(1379, 33, '26.00ÂºC', '2024-05-26 19:06:25'),
	(1380, 34, '36.00%', '2024-05-26 19:06:25'),
	(1381, 35, '29.07%', '2024-05-26 19:06:25'),
	(1382, 36, '9.00cm', '2024-05-26 19:06:26'),
	(1383, 33, '26.00ÂºC', '2024-05-26 19:06:29'),
	(1384, 34, '36.00%', '2024-05-26 19:06:29'),
	(1385, 35, '29.19%', '2024-05-26 19:06:30'),
	(1386, 36, '11.00cm', '2024-05-26 19:06:30'),
	(1387, 33, '26.00ÂºC', '2024-05-26 19:06:33'),
	(1388, 34, '36.00%', '2024-05-26 19:06:34'),
	(1389, 35, '29.15%', '2024-05-26 19:06:34'),
	(1390, 36, '10.00cm', '2024-05-26 19:06:34'),
	(1391, 33, '26.00ÂºC', '2024-05-26 19:06:38'),
	(1392, 34, '36.00%', '2024-05-26 19:06:39'),
	(1393, 35, '29.22%', '2024-05-26 19:06:39'),
	(1394, 36, '20.00cm', '2024-05-26 19:06:39'),
	(1395, 33, '26.00ÂºC', '2024-05-26 19:06:43'),
	(1396, 34, '36.00%', '2024-05-26 19:06:43'),
	(1397, 35, '29.22%', '2024-05-26 19:06:43'),
	(1398, 36, '21.00cm', '2024-05-26 19:06:44'),
	(1399, 33, '26.00ÂºC', '2024-05-26 19:06:47'),
	(1400, 34, '36.00%', '2024-05-26 19:06:48'),
	(1401, 35, '29.19%', '2024-05-26 19:06:48'),
	(1402, 36, '21.00cm', '2024-05-26 19:06:48'),
	(1403, 33, '26.00ÂºC', '2024-05-26 19:06:52'),
	(1404, 34, '36.00%', '2024-05-26 19:06:52'),
	(1405, 35, '29.30%', '2024-05-26 19:06:53'),
	(1406, 36, '20.00cm', '2024-05-26 19:06:53'),
	(1407, 33, '26.00ÂºC', '2024-05-26 19:06:56'),
	(1408, 34, '36.00%', '2024-05-26 19:06:57'),
	(1409, 35, '29.67%', '2024-05-26 19:06:57'),
	(1410, 36, '357.00cm', '2024-05-26 19:06:58'),
	(1411, 33, '26.00ÂºC', '2024-05-26 19:07:01'),
	(1412, 34, '36.00%', '2024-05-26 19:07:01'),
	(1413, 35, '29.70%', '2024-05-26 19:07:02'),
	(1414, 36, '357.00cm', '2024-05-26 19:07:02'),
	(1415, 33, '26.00ÂºC', '2024-05-26 19:07:05'),
	(1416, 34, '36.00%', '2024-05-26 19:07:06'),
	(1417, 35, '29.22%', '2024-05-26 19:07:06'),
	(1418, 36, '114.00cm', '2024-05-26 19:07:06'),
	(1419, 33, '26.00ÂºC', '2024-05-26 19:07:10'),
	(1420, 34, '36.00%', '2024-05-26 19:07:10'),
	(1421, 35, '29.19%', '2024-05-26 19:07:10'),
	(1422, 36, '53.00cm', '2024-05-26 19:07:11'),
	(1423, 33, '26.00ÂºC', '2024-05-26 19:07:14'),
	(1424, 34, '36.00%', '2024-05-26 19:07:15'),
	(1425, 35, '28.19%', '2024-05-26 19:07:15'),
	(1426, 36, '357.00cm', '2024-05-26 19:07:15'),
	(1427, 33, '26.00ÂºC', '2024-05-26 19:07:19'),
	(1428, 34, '36.00%', '2024-05-26 19:07:19'),
	(1429, 35, '28.22%', '2024-05-26 19:07:19'),
	(1430, 36, '357.00cm', '2024-05-26 19:07:20'),
	(1431, 37, '26.00ÂºC', '2024-05-26 19:07:34'),
	(1432, 38, '36.00%', '2024-05-26 19:07:34'),
	(1433, 39, '28.19%', '2024-05-26 19:07:34'),
	(1434, 40, '357.00cm', '2024-05-26 19:07:35'),
	(1435, 37, '26.00ÂºC', '2024-05-26 19:07:38'),
	(1436, 38, '36.00%', '2024-05-26 19:07:38'),
	(1437, 39, '28.59%', '2024-05-26 19:07:39'),
	(1438, 40, '57.00cm', '2024-05-26 19:07:39'),
	(1439, 37, '26.00ÂºC', '2024-05-26 19:07:42'),
	(1440, 38, '36.00%', '2024-05-26 19:07:43'),
	(1441, 39, '28.37%', '2024-05-26 19:07:43'),
	(1442, 40, '56.00cm', '2024-05-26 19:07:43'),
	(1443, 37, '26.00ÂºC', '2024-05-26 19:07:47'),
	(1444, 38, '36.00%', '2024-05-26 19:07:47'),
	(1445, 39, '27.48%', '2024-05-26 19:07:47'),
	(1446, 40, '357.00cm', '2024-05-26 19:07:48'),
	(1447, 37, '26.00ÂºC', '2024-05-26 19:07:51'),
	(1448, 38, '36.00%', '2024-05-26 19:07:51'),
	(1449, 39, '27.26%', '2024-05-26 19:07:52'),
	(1450, 40, '357.00cm', '2024-05-26 19:07:52'),
	(1451, 37, '26.00ÂºC', '2024-05-26 19:07:56'),
	(1452, 38, '36.00%', '2024-05-26 19:07:56'),
	(1453, 39, '26.78%', '2024-05-26 19:07:56'),
	(1454, 40, '58.00cm', '2024-05-26 19:07:56'),
	(1455, 37, '26.00ÂºC', '2024-05-26 19:08:00'),
	(1456, 38, '36.00%', '2024-05-26 19:08:00'),
	(1457, 39, '26.70%', '2024-05-26 19:08:01'),
	(1458, 40, '357.00cm', '2024-05-26 19:08:01'),
	(1459, 37, '26.00ÂºC', '2024-05-26 19:08:05'),
	(1460, 38, '36.00%', '2024-05-26 19:08:06'),
	(1461, 39, '26.41%', '2024-05-26 19:08:06'),
	(1462, 40, '357.00cm', '2024-05-26 19:08:06'),
	(1463, 37, '26.00ÂºC', '2024-05-26 19:08:10'),
	(1464, 38, '36.00%', '2024-05-26 19:08:10'),
	(1465, 39, '26.22%', '2024-05-26 19:08:11'),
	(1466, 40, '357.00cm', '2024-05-26 19:08:11'),
	(1467, 37, '26.00ÂºC', '2024-05-26 19:08:15'),
	(1468, 38, '36.00%', '2024-05-26 19:08:16'),
	(1469, 39, '26.22%', '2024-05-26 19:08:16'),
	(1470, 40, '64.00cm', '2024-05-26 19:08:17'),
	(1471, 37, '26.00ÂºC', '2024-05-26 19:08:22'),
	(1472, 38, '36.00%', '2024-05-26 19:08:22'),
	(1473, 39, '25.89%', '2024-05-26 19:08:22'),
	(1474, 40, '357.00cm', '2024-05-26 19:08:23'),
	(1475, 37, '26.00ÂºC', '2024-05-26 19:08:28'),
	(1476, 38, '36.00%', '2024-05-26 19:08:28'),
	(1477, 39, '25.56%', '2024-05-26 19:08:28'),
	(1478, 40, '9.00cm', '2024-05-26 19:08:29'),
	(1479, 37, '26.00ÂºC', '2024-05-26 19:08:32'),
	(1480, 38, '36.00%', '2024-05-26 19:08:33'),
	(1481, 39, '25.44%', '2024-05-26 19:08:33'),
	(1482, 40, '9.00cm', '2024-05-26 19:08:33'),
	(1483, 37, '26.00ÂºC', '2024-05-26 19:08:37'),
	(1484, 38, '36.00%', '2024-05-26 19:08:37'),
	(1485, 39, '25.26%', '2024-05-26 19:08:38'),
	(1486, 40, '10.00cm', '2024-05-26 19:08:38'),
	(1487, 37, '26.00ÂºC', '2024-05-26 19:08:42'),
	(1488, 38, '37.00%', '2024-05-26 19:08:42'),
	(1489, 39, '25.30%', '2024-05-26 19:08:42'),
	(1490, 40, '9.00cm', '2024-05-26 19:08:43'),
	(1491, 37, '26.00ÂºC', '2024-05-26 19:08:46'),
	(1492, 38, '37.00%', '2024-05-26 19:08:47'),
	(1493, 39, '25.26%', '2024-05-26 19:08:47'),
	(1494, 40, '8.00cm', '2024-05-26 19:08:48'),
	(1495, 37, '26.00ÂºC', '2024-05-26 19:08:51'),
	(1496, 38, '37.00%', '2024-05-26 19:08:52'),
	(1497, 39, '25.15%', '2024-05-26 19:08:52'),
	(1498, 40, '10.00cm', '2024-05-26 19:08:53'),
	(1499, 37, '26.00ÂºC', '2024-05-26 19:08:57'),
	(1500, 38, '37.00%', '2024-05-26 19:08:57'),
	(1501, 39, '25.07%', '2024-05-26 19:08:57'),
	(1502, 40, '357.00cm', '2024-05-26 19:08:58'),
	(1503, 37, '26.00ÂºC', '2024-05-26 19:09:02'),
	(1504, 38, '36.00%', '2024-05-26 19:09:02'),
	(1505, 39, '25.70%', '2024-05-26 19:09:02'),
	(1506, 40, '12.00cm', '2024-05-26 19:09:03'),
	(1507, 37, '26.00ÂºC', '2024-05-26 19:09:07'),
	(1508, 38, '36.00%', '2024-05-26 19:09:07'),
	(1509, 39, '25.56%', '2024-05-26 19:09:07'),
	(1510, 40, '357.00cm', '2024-05-26 19:09:08'),
	(1511, 37, '26.00ÂºC', '2024-05-26 19:09:11'),
	(1512, 38, '36.00%', '2024-05-26 19:09:12'),
	(1513, 39, '25.52%', '2024-05-26 19:09:12'),
	(1514, 40, '20.00cm', '2024-05-26 19:09:15'),
	(1515, 37, '26.00ÂºC', '2024-05-26 19:09:20'),
	(1516, 38, '36.00%', '2024-05-26 19:09:21'),
	(1517, 39, '25.33%', '2024-05-26 19:09:21'),
	(1518, 40, '17.00cm', '2024-05-26 19:09:21'),
	(1519, 37, '26.00ÂºC', '2024-05-26 19:09:25'),
	(1520, 38, '36.00%', '2024-05-26 19:09:25'),
	(1521, 39, '25.52%', '2024-05-26 19:09:25'),
	(1522, 40, '12.00cm', '2024-05-26 19:09:26'),
	(1523, 37, '26.10ÂºC', '2024-05-26 19:09:29'),
	(1524, 38, '36.00%', '2024-05-26 19:09:30'),
	(1525, 39, '25.59%', '2024-05-26 19:09:30'),
	(1526, 40, '12.00cm', '2024-05-26 19:09:31'),
	(1527, 37, '26.10ÂºC', '2024-05-26 19:09:34'),
	(1528, 38, '36.00%', '2024-05-26 19:09:35'),
	(1529, 39, '25.52%', '2024-05-26 19:09:36'),
	(1530, 40, '357.00cm', '2024-05-26 19:09:36'),
	(1531, 37, '26.10ÂºC', '2024-05-26 19:09:40'),
	(1532, 38, '36.00%', '2024-05-26 19:09:40'),
	(1533, 39, '25.52%', '2024-05-26 19:09:40'),
	(1534, 40, '8.00cm', '2024-05-26 19:09:41'),
	(1535, 37, '26.10ÂºC', '2024-05-26 19:09:45'),
	(1536, 38, '36.00%', '2024-05-26 19:09:45'),
	(1537, 39, '26.19%', '2024-05-26 19:09:46'),
	(1538, 40, '12.00cm', '2024-05-26 19:09:46'),
	(1539, 37, '26.10ÂºC', '2024-05-26 19:09:50'),
	(1540, 38, '41.00%', '2024-05-26 19:09:50'),
	(1541, 39, '25.52%', '2024-05-26 19:09:51'),
	(1542, 40, '10.00cm', '2024-05-26 19:09:51'),
	(1543, 37, '26.10ÂºC', '2024-05-26 19:09:55'),
	(1544, 38, '43.00%', '2024-05-26 19:09:56'),
	(1545, 39, '25.52%', '2024-05-26 19:09:56'),
	(1546, 40, '10.00cm', '2024-05-26 19:09:56'),
	(1547, 37, '26.10ÂºC', '2024-05-26 19:10:00'),
	(1548, 38, '41.00%', '2024-05-26 19:10:00'),
	(1549, 39, '25.59%', '2024-05-26 19:10:01'),
	(1550, 40, '10.00cm', '2024-05-26 19:10:01'),
	(1551, 37, '26.10ÂºC', '2024-05-26 19:10:05'),
	(1552, 38, '40.00%', '2024-05-26 19:10:05'),
	(1553, 39, '25.59%', '2024-05-26 19:10:05'),
	(1554, 40, '10.00cm', '2024-05-26 19:10:06'),
	(1555, 37, '26.10ÂºC', '2024-05-26 19:10:09'),
	(1556, 38, '39.00%', '2024-05-26 19:10:10'),
	(1557, 39, '25.70%', '2024-05-26 19:10:10'),
	(1558, 40, '11.00cm', '2024-05-26 19:10:10'),
	(1559, 37, '26.10ÂºC', '2024-05-26 19:10:14'),
	(1560, 38, '38.00%', '2024-05-26 19:10:15'),
	(1561, 39, '26.04%', '2024-05-26 19:10:15'),
	(1562, 40, '11.00cm', '2024-05-26 19:10:16'),
	(1563, 37, '26.10ÂºC', '2024-05-26 19:10:19'),
	(1564, 38, '38.00%', '2024-05-26 19:10:19'),
	(1565, 39, '26.15%', '2024-05-26 19:10:20'),
	(1566, 40, '12.00cm', '2024-05-26 19:10:20'),
	(1567, 37, '26.10ÂºC', '2024-05-26 19:10:24'),
	(1568, 38, '37.00%', '2024-05-26 19:10:24'),
	(1569, 39, '26.07%', '2024-05-26 19:10:25'),
	(1570, 40, '12.00cm', '2024-05-26 19:10:25'),
	(1571, 37, '26.10ÂºC', '2024-05-26 19:10:28'),
	(1572, 38, '37.00%', '2024-05-26 19:10:29'),
	(1573, 39, '26.22%', '2024-05-26 19:10:29'),
	(1574, 40, '12.00cm', '2024-05-26 19:10:29'),
	(1575, 41, '26.20ÂºC', '2024-05-26 19:10:52'),
	(1576, 42, '37.00%', '2024-05-26 19:10:53'),
	(1577, 43, '26.19%', '2024-05-26 19:10:53'),
	(1578, 44, '357.00cm', '2024-05-26 19:10:53'),
	(1579, 41, '26.20ÂºC', '2024-05-26 19:10:57'),
	(1580, 42, '37.00%', '2024-05-26 19:10:57'),
	(1581, 43, '26.33%', '2024-05-26 19:10:57'),
	(1582, 44, '10.00cm', '2024-05-26 19:10:58'),
	(1583, 41, '26.20ÂºC', '2024-05-26 19:11:01'),
	(1584, 42, '37.00%', '2024-05-26 19:11:02'),
	(1585, 43, '26.30%', '2024-05-26 19:11:02'),
	(1586, 44, '11.00cm', '2024-05-26 19:11:02'),
	(1587, 41, '26.20ÂºC', '2024-05-26 19:11:06'),
	(1588, 42, '37.00%', '2024-05-26 19:11:06'),
	(1589, 43, '26.44%', '2024-05-26 19:11:06'),
	(1590, 44, '11.00cm', '2024-05-26 19:11:07'),
	(1591, 41, '26.10ÂºC', '2024-05-26 19:11:11'),
	(1592, 42, '37.00%', '2024-05-26 19:11:11'),
	(1593, 43, '26.70%', '2024-05-26 19:11:12'),
	(1594, 44, '11.00cm', '2024-05-26 19:11:13'),
	(1595, 41, '26.10ÂºC', '2024-05-26 19:11:16'),
	(1596, 42, '37.00%', '2024-05-26 19:11:16'),
	(1597, 43, '26.78%', '2024-05-26 19:11:17'),
	(1598, 44, '10.00cm', '2024-05-26 19:11:17'),
	(1599, 41, '26.10ÂºC', '2024-05-26 19:11:22'),
	(1600, 42, '36.00%', '2024-05-26 19:11:22'),
	(1601, 43, '26.78%', '2024-05-26 19:11:22'),
	(1602, 44, '10.00cm', '2024-05-26 19:11:22'),
	(1603, 41, '26.10ÂºC', '2024-05-26 19:11:26'),
	(1604, 42, '36.00%', '2024-05-26 19:11:27'),
	(1605, 43, '26.78%', '2024-05-26 19:11:27'),
	(1606, 44, '10.00cm', '2024-05-26 19:11:27'),
	(1607, 41, '26.10ÂºC', '2024-05-26 19:11:31'),
	(1608, 42, '36.00%', '2024-05-26 19:11:31'),
	(1609, 43, '27.22%', '2024-05-26 19:11:32'),
	(1610, 44, '9.00cm', '2024-05-26 19:11:32'),
	(1611, 41, '26.10ÂºC', '2024-05-26 19:11:35'),
	(1612, 42, '36.00%', '2024-05-26 19:11:36'),
	(1613, 43, '27.33%', '2024-05-26 19:11:36'),
	(1614, 44, '9.00cm', '2024-05-26 19:11:36'),
	(1615, 41, '26.10ÂºC', '2024-05-26 19:11:40'),
	(1616, 42, '36.00%', '2024-05-26 19:11:41'),
	(1617, 43, '27.30%', '2024-05-26 19:11:41'),
	(1618, 44, '8.00cm', '2024-05-26 19:11:41'),
	(1619, 41, '26.10ÂºC', '2024-05-26 19:11:45'),
	(1620, 42, '36.00%', '2024-05-26 19:11:46'),
	(1621, 43, '27.41%', '2024-05-26 19:11:46'),
	(1622, 44, '9.00cm', '2024-05-26 19:11:46'),
	(1623, 41, '26.10ÂºC', '2024-05-26 19:11:50'),
	(1624, 42, '37.00%', '2024-05-26 19:11:50'),
	(1625, 43, '27.67%', '2024-05-26 19:11:51'),
	(1626, 44, '9.00cm', '2024-05-26 19:11:51'),
	(1627, 41, '26.10ÂºC', '2024-05-26 19:11:55'),
	(1628, 42, '36.00%', '2024-05-26 19:11:55'),
	(1629, 43, '27.81%', '2024-05-26 19:11:55'),
	(1630, 44, '9.00cm', '2024-05-26 19:11:56'),
	(1631, 41, '26.10ÂºC', '2024-05-26 19:12:00'),
	(1632, 42, '36.00%', '2024-05-26 19:12:00'),
	(1633, 43, '27.85%', '2024-05-26 19:12:00'),
	(1634, 44, '10.00cm', '2024-05-26 19:12:01'),
	(1635, 41, '26.00ÂºC', '2024-05-26 19:12:05'),
	(1636, 42, '36.00%', '2024-05-26 19:12:06'),
	(1637, 43, '28.11%', '2024-05-26 19:12:06'),
	(1638, 44, '9.00cm', '2024-05-26 19:12:06'),
	(1639, 41, '26.10ÂºC', '2024-05-26 19:12:10'),
	(1640, 42, '36.00%', '2024-05-26 19:12:10'),
	(1641, 43, '28.48%', '2024-05-26 19:12:10'),
	(1642, 44, '9.00cm', '2024-05-26 19:12:11'),
	(1643, 41, '26.10ÂºC', '2024-05-26 19:12:15'),
	(1644, 42, '36.00%', '2024-05-26 19:12:15'),
	(1645, 43, '28.59%', '2024-05-26 19:12:15'),
	(1646, 44, '10.00cm', '2024-05-26 19:12:15'),
	(1647, 41, '26.10ÂºC', '2024-05-26 19:12:19'),
	(1648, 42, '36.00%', '2024-05-26 19:12:19'),
	(1649, 43, '28.70%', '2024-05-26 19:12:20'),
	(1650, 44, '10.00cm', '2024-05-26 19:12:20'),
	(1651, 41, '26.00ÂºC', '2024-05-26 19:12:26'),
	(1652, 42, '36.00%', '2024-05-26 19:12:26'),
	(1653, 43, '29.15%', '2024-05-26 19:12:27'),
	(1654, 44, '10.00cm', '2024-05-26 19:12:27'),
	(1655, 41, '26.10ÂºC', '2024-05-26 19:12:31'),
	(1656, 42, '36.00%', '2024-05-26 19:12:31'),
	(1657, 43, '29.67%', '2024-05-26 19:12:31'),
	(1658, 44, '10.00cm', '2024-05-26 19:12:32'),
	(1659, 41, '26.00ÂºC', '2024-05-26 19:12:35'),
	(1660, 42, '37.00%', '2024-05-26 19:12:35'),
	(1661, 43, '29.78%', '2024-05-26 19:12:36'),
	(1662, 44, '10.00cm', '2024-05-26 19:12:36'),
	(1663, 41, '26.00ÂºC', '2024-05-26 19:12:41'),
	(1664, 42, '38.00%', '2024-05-26 19:12:41'),
	(1665, 43, '30.30%', '2024-05-26 19:12:41'),
	(1666, 44, '10.00cm', '2024-05-26 19:12:42'),
	(1667, 41, '26.00ÂºC', '2024-05-26 19:12:47'),
	(1668, 42, '38.00%', '2024-05-26 19:12:48'),
	(1669, 43, '31.04%', '2024-05-26 19:12:48'),
	(1670, 44, '10.00cm', '2024-05-26 19:12:48'),
	(1671, 41, '26.00ÂºC', '2024-05-26 19:12:52'),
	(1672, 42, '37.00%', '2024-05-26 19:12:52'),
	(1673, 43, '31.44%', '2024-05-26 19:12:52'),
	(1674, 44, '10.00cm', '2024-05-26 19:12:53'),
	(1675, 41, '26.00ÂºC', '2024-05-26 19:12:56'),
	(1676, 42, '37.00%', '2024-05-26 19:12:57'),
	(1677, 43, '32.07%', '2024-05-26 19:12:57'),
	(1678, 44, '10.00cm', '2024-05-26 19:12:58'),
	(1679, 41, '26.00ÂºC', '2024-05-26 19:13:01'),
	(1680, 42, '37.00%', '2024-05-26 19:13:01'),
	(1681, 43, '32.15%', '2024-05-26 19:13:02'),
	(1682, 44, '10.00cm', '2024-05-26 19:13:02'),
	(1683, 41, '26.00ÂºC', '2024-05-26 19:13:05'),
	(1684, 42, '37.00%', '2024-05-26 19:13:06'),
	(1685, 43, '31.81%', '2024-05-26 19:13:06'),
	(1686, 44, '10.00cm', '2024-05-26 19:13:07'),
	(1687, 41, '26.00ÂºC', '2024-05-26 19:13:10'),
	(1688, 42, '37.00%', '2024-05-26 19:13:11'),
	(1689, 43, '32.15%', '2024-05-26 19:13:11'),
	(1690, 44, '10.00cm', '2024-05-26 19:13:12'),
	(1691, 41, '26.00ÂºC', '2024-05-26 19:13:16'),
	(1692, 42, '37.00%', '2024-05-26 19:13:16'),
	(1693, 43, '32.19%', '2024-05-26 19:13:17'),
	(1694, 44, '10.00cm', '2024-05-26 19:13:17'),
	(1695, 41, '26.00ÂºC', '2024-05-26 19:13:21'),
	(1696, 42, '37.00%', '2024-05-26 19:13:21'),
	(1697, 43, '32.15%', '2024-05-26 19:13:21'),
	(1698, 44, '10.00cm', '2024-05-26 19:13:22'),
	(1699, 41, '26.00ÂºC', '2024-05-26 19:13:25'),
	(1700, 42, '37.00%', '2024-05-26 19:13:26'),
	(1701, 43, '32.15%', '2024-05-26 19:13:26'),
	(1702, 44, '10.00cm', '2024-05-26 19:13:26'),
	(1703, 41, '26.00ÂºC', '2024-05-26 19:13:30'),
	(1704, 42, '37.00%', '2024-05-26 19:13:30'),
	(1705, 43, '32.63%', '2024-05-26 19:13:30'),
	(1706, 44, '10.00cm', '2024-05-26 19:13:31'),
	(1707, 41, '26.00ÂºC', '2024-05-26 19:13:34'),
	(1708, 42, '37.00%', '2024-05-26 19:13:35'),
	(1709, 43, '32.85%', '2024-05-26 19:13:35'),
	(1710, 44, '10.00cm', '2024-05-26 19:13:36'),
	(1711, 41, '26.00ÂºC', '2024-05-26 19:13:39'),
	(1712, 42, '37.00%', '2024-05-26 19:13:39'),
	(1713, 43, '32.48%', '2024-05-26 19:13:40'),
	(1714, 44, '10.00cm', '2024-05-26 19:13:40'),
	(1715, 41, '26.00ÂºC', '2024-05-26 19:13:44'),
	(1716, 42, '37.00%', '2024-05-26 19:13:44'),
	(1717, 43, '32.33%', '2024-05-26 19:13:44'),
	(1718, 44, '10.00cm', '2024-05-26 19:13:45'),
	(1719, 41, '26.00ÂºC', '2024-05-26 19:13:48'),
	(1720, 42, '37.00%', '2024-05-26 19:13:48'),
	(1721, 43, '33.56%', '2024-05-26 19:13:49'),
	(1722, 44, '10.00cm', '2024-05-26 19:13:49'),
	(1723, 45, '26.10ÂºC', '2024-05-26 19:14:06'),
	(1724, 47, '37.00%', '2024-05-26 19:14:07'),
	(1725, 48, '34.52%', '2024-05-26 19:14:07'),
	(1726, 49, '10.00cm', '2024-05-26 19:14:08'),
	(1727, 45, '26.10ÂºC', '2024-05-26 19:14:12'),
	(1728, 47, '37.00%', '2024-05-26 19:14:12'),
	(1729, 48, '34.63%', '2024-05-26 19:14:12'),
	(1730, 49, '10.00cm', '2024-05-26 19:14:12'),
	(1731, 45, '26.10ÂºC', '2024-05-26 19:14:16'),
	(1732, 47, '37.00%', '2024-05-26 19:14:16'),
	(1733, 48, '34.78%', '2024-05-26 19:14:17'),
	(1734, 49, '10.00cm', '2024-05-26 19:14:17'),
	(1735, 45, '26.10ÂºC', '2024-05-26 19:14:20'),
	(1736, 47, '37.00%', '2024-05-26 19:14:21'),
	(1737, 48, '34.52%', '2024-05-26 19:14:21'),
	(1738, 49, '10.00cm', '2024-05-26 19:14:21'),
	(1739, 45, '26.10ÂºC', '2024-05-26 19:14:25'),
	(1740, 47, '37.00%', '2024-05-26 19:14:25'),
	(1741, 48, '34.56%', '2024-05-26 19:14:26'),
	(1742, 49, '10.00cm', '2024-05-26 19:14:26'),
	(1743, 45, '26.10ÂºC', '2024-05-26 19:14:30'),
	(1744, 47, '37.00%', '2024-05-26 19:14:30'),
	(1745, 48, '34.63%', '2024-05-26 19:14:30'),
	(1746, 49, '10.00cm', '2024-05-26 19:14:30'),
	(1747, 45, '26.10ÂºC', '2024-05-26 19:14:34'),
	(1748, 47, '37.00%', '2024-05-26 19:14:35'),
	(1749, 48, '34.70%', '2024-05-26 19:14:35'),
	(1750, 49, '10.00cm', '2024-05-26 19:14:36'),
	(1751, 45, '26.10ÂºC', '2024-05-26 19:14:39'),
	(1752, 47, '37.00%', '2024-05-26 19:14:39'),
	(1753, 48, '35.00%', '2024-05-26 19:14:40'),
	(1754, 49, '11.00cm', '2024-05-26 19:14:40'),
	(1755, 45, '26.00ÂºC', '2024-05-26 19:14:43'),
	(1756, 47, '37.00%', '2024-05-26 19:14:44'),
	(1757, 48, '35.37%', '2024-05-26 19:14:44'),
	(1758, 49, '8.00cm', '2024-05-26 19:14:45'),
	(1759, 45, '26.00ÂºC', '2024-05-26 19:14:49'),
	(1760, 47, '37.00%', '2024-05-26 19:14:49'),
	(1761, 48, '35.44%', '2024-05-26 19:14:49'),
	(1762, 49, '8.00cm', '2024-05-26 19:14:50'),
	(1763, 45, '26.00ÂºC', '2024-05-26 19:14:53'),
	(1764, 47, '37.00%', '2024-05-26 19:14:53'),
	(1765, 48, '36.07%', '2024-05-26 19:14:54'),
	(1766, 49, '8.00cm', '2024-05-26 19:14:54'),
	(1767, 45, '26.00ÂºC', '2024-05-26 19:14:58'),
	(1768, 47, '37.00%', '2024-05-26 19:14:58'),
	(1769, 48, '35.70%', '2024-05-26 19:14:58'),
	(1770, 49, '8.00cm', '2024-05-26 19:14:59'),
	(1771, 45, '26.00ÂºC', '2024-05-26 19:15:02'),
	(1772, 47, '37.00%', '2024-05-26 19:15:03'),
	(1773, 48, '35.48%', '2024-05-26 19:15:03'),
	(1774, 49, '8.00cm', '2024-05-26 19:15:03'),
	(1775, 45, '26.00ÂºC', '2024-05-26 19:15:07'),
	(1776, 47, '37.00%', '2024-05-26 19:15:07'),
	(1777, 48, '35.59%', '2024-05-26 19:15:07'),
	(1778, 49, '8.00cm', '2024-05-26 19:15:08'),
	(1779, 45, '26.00ÂºC', '2024-05-26 19:15:11'),
	(1780, 47, '37.00%', '2024-05-26 19:15:11'),
	(1781, 48, '35.67%', '2024-05-26 19:15:12'),
	(1782, 49, '8.00cm', '2024-05-26 19:15:12'),
	(1783, 45, '26.00ÂºC', '2024-05-26 19:15:15'),
	(1784, 47, '37.00%', '2024-05-26 19:15:16'),
	(1785, 48, '35.37%', '2024-05-26 19:15:16'),
	(1786, 49, '9.00cm', '2024-05-26 19:15:17'),
	(1787, 45, '26.00ÂºC', '2024-05-26 19:15:20'),
	(1788, 47, '37.00%', '2024-05-26 19:15:20'),
	(1789, 48, '35.78%', '2024-05-26 19:15:21'),
	(1790, 49, '9.00cm', '2024-05-26 19:15:21'),
	(1791, 45, '26.00ÂºC', '2024-05-26 19:15:24'),
	(1792, 47, '37.00%', '2024-05-26 19:15:25'),
	(1793, 48, '36.19%', '2024-05-26 19:15:25'),
	(1794, 49, '9.00cm', '2024-05-26 19:15:25'),
	(1795, 45, '26.00ÂºC', '2024-05-26 19:15:29'),
	(1796, 47, '37.00%', '2024-05-26 19:15:29'),
	(1797, 48, '36.15%', '2024-05-26 19:15:30'),
	(1798, 49, '9.00cm', '2024-05-26 19:15:30'),
	(1799, 45, '26.00ÂºC', '2024-05-26 19:15:34'),
	(1800, 47, '37.00%', '2024-05-26 19:15:35'),
	(1801, 48, '35.22%', '2024-05-26 19:15:35'),
	(1802, 49, '9.00cm', '2024-05-26 19:15:36'),
	(1803, 45, '26.00ÂºC', '2024-05-26 19:15:40'),
	(1804, 47, '37.00%', '2024-05-26 19:15:40'),
	(1805, 48, '35.52%', '2024-05-26 19:15:40'),
	(1806, 49, '9.00cm', '2024-05-26 19:15:41'),
	(1807, 45, '26.00ÂºC', '2024-05-26 19:15:44'),
	(1808, 47, '37.00%', '2024-05-26 19:15:45'),
	(1809, 48, '35.85%', '2024-05-26 19:15:45'),
	(1810, 49, '9.00cm', '2024-05-26 19:15:45'),
	(1811, 45, '26.00ÂºC', '2024-05-26 19:15:49'),
	(1812, 47, '37.00%', '2024-05-26 19:15:49'),
	(1813, 48, '35.93%', '2024-05-26 19:15:50'),
	(1814, 49, '8.00cm', '2024-05-26 19:15:50'),
	(1815, 45, '26.00ÂºC', '2024-05-26 19:15:53'),
	(1816, 47, '37.00%', '2024-05-26 19:15:54'),
	(1817, 48, '36.11%', '2024-05-26 19:15:54'),
	(1818, 49, '8.00cm', '2024-05-26 19:15:55'),
	(1819, 45, '26.00ÂºC', '2024-05-26 19:15:58'),
	(1820, 47, '37.00%', '2024-05-26 19:15:59'),
	(1821, 48, '36.07%', '2024-05-26 19:16:00'),
	(1822, 49, '8.00cm', '2024-05-26 19:16:00'),
	(1823, 45, '26.00ÂºC', '2024-05-26 19:16:04'),
	(1824, 47, '37.00%', '2024-05-26 19:16:04'),
	(1825, 48, '36.67%', '2024-05-26 19:16:04'),
	(1826, 49, '8.00cm', '2024-05-26 19:16:05'),
	(1827, 45, '26.00ÂºC', '2024-05-26 19:16:08'),
	(1828, 47, '37.00%', '2024-05-26 19:16:09'),
	(1829, 48, '36.33%', '2024-05-26 19:16:09'),
	(1830, 49, '13.00cm', '2024-05-26 19:16:09'),
	(1831, 45, '26.00ÂºC', '2024-05-26 19:16:13'),
	(1832, 47, '37.00%', '2024-05-26 19:16:13'),
	(1833, 48, '36.52%', '2024-05-26 19:16:13'),
	(1834, 49, '21.00cm', '2024-05-26 19:16:14'),
	(1835, 45, '26.00ÂºC', '2024-05-26 19:16:17'),
	(1836, 47, '37.00%', '2024-05-26 19:16:17'),
	(1837, 48, '36.85%', '2024-05-26 19:16:18'),
	(1838, 49, '15.00cm', '2024-05-26 19:16:18'),
	(1839, 45, '26.00ÂºC', '2024-05-26 19:16:22'),
	(1840, 47, '37.00%', '2024-05-26 19:16:22'),
	(1841, 48, '36.89%', '2024-05-26 19:16:23'),
	(1842, 49, '357.00cm', '2024-05-26 19:16:23'),
	(1843, 45, '26.00ÂºC', '2024-05-26 19:16:26'),
	(1844, 47, '37.00%', '2024-05-26 19:16:27'),
	(1845, 48, '37.59%', '2024-05-26 19:16:27'),
	(1846, 49, '357.00cm', '2024-05-26 19:16:28'),
	(1847, 50, '25.90ÂºC', '2024-05-26 19:21:58'),
	(1848, 51, '39.00%', '2024-05-26 19:21:59'),
	(1849, 52, '40.48%', '2024-05-26 19:21:59'),
	(1850, 53, '124.00cm', '2024-05-26 19:21:59'),
	(1851, 50, '25.90ÂºC', '2024-05-26 19:22:03'),
	(1852, 51, '39.00%', '2024-05-26 19:22:03'),
	(1853, 52, '40.85%', '2024-05-26 19:22:04'),
	(1854, 53, '128.00cm', '2024-05-26 19:22:05'),
	(1855, 50, '26.00ÂºC', '2024-05-26 19:22:09'),
	(1856, 51, '38.00%', '2024-05-26 19:22:09'),
	(1857, 52, '41.63%', '2024-05-26 19:22:10'),
	(1858, 53, '126.00cm', '2024-05-26 19:22:10'),
	(1859, 50, '26.00ÂºC', '2024-05-26 19:22:14'),
	(1860, 51, '37.00%', '2024-05-26 19:22:14'),
	(1861, 52, '40.52%', '2024-05-26 19:22:15'),
	(1862, 53, '357.00cm', '2024-05-26 19:22:15'),
	(1863, 50, '26.00ÂºC', '2024-05-26 19:22:19'),
	(1864, 51, '37.00%', '2024-05-26 19:22:19'),
	(1865, 52, '40.22%', '2024-05-26 19:22:19'),
	(1866, 53, '357.00cm', '2024-05-26 19:22:19'),
	(1867, 50, '26.00ÂºC', '2024-05-26 19:22:23'),
	(1868, 51, '37.00%', '2024-05-26 19:22:23'),
	(1869, 52, '39.37%', '2024-05-26 19:22:23'),
	(1870, 53, '188.00cm', '2024-05-26 19:22:24'),
	(1871, 50, '26.00ÂºC', '2024-05-26 19:22:27'),
	(1872, 51, '37.00%', '2024-05-26 19:22:28'),
	(1873, 52, '39.48%', '2024-05-26 19:22:28'),
	(1874, 53, '13.00cm', '2024-05-26 19:22:28'),
	(1875, 50, '26.00ÂºC', '2024-05-26 19:22:32'),
	(1876, 51, '37.00%', '2024-05-26 19:22:32'),
	(1877, 52, '39.67%', '2024-05-26 19:22:32'),
	(1878, 53, '13.00cm', '2024-05-26 19:22:33'),
	(1879, 50, '26.00ÂºC', '2024-05-26 19:22:36'),
	(1880, 51, '37.00%', '2024-05-26 19:22:36'),
	(1881, 52, '39.33%', '2024-05-26 19:22:37'),
	(1882, 53, '13.00cm', '2024-05-26 19:22:37'),
	(1883, 50, '26.00ÂºC', '2024-05-26 19:22:40'),
	(1884, 51, '37.00%', '2024-05-26 19:22:41'),
	(1885, 52, '39.52%', '2024-05-26 19:22:41'),
	(1886, 53, '11.00cm', '2024-05-26 19:22:41'),
	(1887, 50, '26.00ÂºC', '2024-05-26 19:22:55'),
	(1888, 51, '36.00%', '2024-05-26 19:22:56'),
	(1889, 52, '38.78%', '2024-05-26 19:22:56'),
	(1890, 53, '13.00cm', '2024-05-26 19:22:56'),
	(1891, 50, '26.00ÂºC', '2024-05-26 19:23:00'),
	(1892, 51, '36.00%', '2024-05-26 19:23:00'),
	(1893, 52, '38.63%', '2024-05-26 19:23:00'),
	(1894, 53, '13.00cm', '2024-05-26 19:23:01'),
	(1895, 50, '26.10ÂºC', '2024-05-26 19:23:05'),
	(1896, 51, '36.00%', '2024-05-26 19:23:05'),
	(1897, 52, '38.44%', '2024-05-26 19:23:05'),
	(1898, 53, '13.00cm', '2024-05-26 19:23:05'),
	(1899, 50, '26.00ÂºC', '2024-05-26 19:23:09'),
	(1900, 51, '36.00%', '2024-05-26 19:23:09'),
	(1901, 52, '37.26%', '2024-05-26 19:23:10'),
	(1902, 53, '6.00cm', '2024-05-26 19:23:10'),
	(1903, 50, '26.10ÂºC', '2024-05-26 19:23:14'),
	(1904, 51, '36.00%', '2024-05-26 19:23:14'),
	(1905, 52, '37.15%', '2024-05-26 19:23:15'),
	(1906, 53, '6.00cm', '2024-05-26 19:23:15'),
	(1907, 50, '26.10ÂºC', '2024-05-26 19:23:19'),
	(1908, 51, '36.00%', '2024-05-26 19:23:19'),
	(1909, 52, '37.07%', '2024-05-26 19:23:19'),
	(1910, 53, '8.00cm', '2024-05-26 19:23:19'),
	(1911, 50, '26.10ÂºC', '2024-05-26 19:23:23'),
	(1912, 51, '36.00%', '2024-05-26 19:23:24'),
	(1913, 52, '36.89%', '2024-05-26 19:23:24'),
	(1914, 53, '8.00cm', '2024-05-26 19:23:24'),
	(1915, 50, '26.10ÂºC', '2024-05-26 19:23:28'),
	(1916, 51, '36.00%', '2024-05-26 19:23:28'),
	(1917, 52, '36.89%', '2024-05-26 19:23:29'),
	(1918, 53, '8.00cm', '2024-05-26 19:23:29'),
	(1919, 50, '26.10ÂºC', '2024-05-26 19:23:33'),
	(1920, 51, '36.00%', '2024-05-26 19:23:33'),
	(1921, 52, '37.33%', '2024-05-26 19:23:33'),
	(1922, 53, '8.00cm', '2024-05-26 19:23:34'),
	(1923, 50, '26.00ÂºC', '2024-05-26 19:23:37'),
	(1924, 51, '36.00%', '2024-05-26 19:23:37'),
	(1925, 52, '36.07%', '2024-05-26 19:23:38'),
	(1926, 53, '8.00cm', '2024-05-26 19:23:38'),
	(1927, 50, '26.10ÂºC', '2024-05-26 19:23:41'),
	(1928, 51, '36.00%', '2024-05-26 19:23:42'),
	(1929, 52, '34.78%', '2024-05-26 19:23:42'),
	(1930, 53, '13.00cm', '2024-05-26 19:23:43'),
	(1931, 50, '26.00ÂºC', '2024-05-26 19:23:47'),
	(1932, 51, '36.00%', '2024-05-26 19:23:47'),
	(1933, 52, '33.74%', '2024-05-26 19:23:47'),
	(1934, 53, '4.00cm', '2024-05-26 19:23:47'),
	(1935, 50, '26.10ÂºC', '2024-05-26 19:23:51'),
	(1936, 51, '36.00%', '2024-05-26 19:23:52'),
	(1937, 52, '33.33%', '2024-05-26 19:23:52'),
	(1938, 53, '3.00cm', '2024-05-26 19:23:52'),
	(1939, 50, '26.10ÂºC', '2024-05-26 19:23:56'),
	(1940, 51, '36.00%', '2024-05-26 19:23:56'),
	(1941, 52, '33.19%', '2024-05-26 19:23:56'),
	(1942, 53, '3.00cm', '2024-05-26 19:23:57'),
	(1943, 50, '26.10ÂºC', '2024-05-26 19:24:00'),
	(1944, 51, '36.00%', '2024-05-26 19:24:01'),
	(1945, 52, '32.96%', '2024-05-26 19:24:01'),
	(1946, 53, '3.00cm', '2024-05-26 19:24:01'),
	(1947, 50, '26.00ÂºC', '2024-05-26 19:24:05'),
	(1948, 51, '36.00%', '2024-05-26 19:24:05'),
	(1949, 52, '33.15%', '2024-05-26 19:24:06'),
	(1950, 53, '3.00cm', '2024-05-26 19:24:06'),
	(1951, 50, '26.10ÂºC', '2024-05-26 19:24:09'),
	(1952, 51, '36.00%', '2024-05-26 19:24:10'),
	(1953, 52, '33.22%', '2024-05-26 19:24:10'),
	(1954, 53, '3.00cm', '2024-05-26 19:24:11'),
	(1955, 50, '26.00ÂºC', '2024-05-26 19:24:14'),
	(1956, 51, '36.00%', '2024-05-26 19:24:15'),
	(1957, 52, '33.33%', '2024-05-26 19:24:15'),
	(1958, 53, '3.00cm', '2024-05-26 19:24:15'),
	(1959, 50, '26.10ÂºC', '2024-05-26 19:24:19'),
	(1960, 51, '37.00%', '2024-05-26 19:24:19'),
	(1961, 52, '35.67%', '2024-05-26 19:24:19'),
	(1962, 53, '15.00cm', '2024-05-26 19:24:20'),
	(1963, 50, '26.00ÂºC', '2024-05-26 19:24:25'),
	(1964, 51, '37.00%', '2024-05-26 19:24:26'),
	(1965, 52, '34.26%', '2024-05-26 19:24:26'),
	(1966, 53, '6.00cm', '2024-05-26 19:24:26'),
	(1967, 50, '26.00ÂºC', '2024-05-26 19:24:30'),
	(1968, 51, '37.00%', '2024-05-26 19:24:30'),
	(1969, 52, '33.56%', '2024-05-26 19:24:31'),
	(1970, 53, '4.00cm', '2024-05-26 19:24:31'),
	(1971, 50, '26.00ÂºC', '2024-05-26 19:24:34'),
	(1972, 51, '37.00%', '2024-05-26 19:24:35'),
	(1973, 52, '33.37%', '2024-05-26 19:24:35'),
	(1974, 53, '4.00cm', '2024-05-26 19:24:35'),
	(1975, 50, '26.00ÂºC', '2024-05-26 19:24:39'),
	(1976, 51, '37.00%', '2024-05-26 19:24:39'),
	(1977, 52, '33.33%', '2024-05-26 19:24:40'),
	(1978, 53, '4.00cm', '2024-05-26 19:24:40'),
	(1979, 50, '26.00ÂºC', '2024-05-26 19:24:44'),
	(1980, 51, '37.00%', '2024-05-26 19:24:44'),
	(1981, 52, '33.56%', '2024-05-26 19:24:45'),
	(1982, 53, '20.00cm', '2024-05-26 19:24:46'),
	(1983, 50, '26.00ÂºC', '2024-05-26 19:24:49'),
	(1984, 51, '37.00%', '2024-05-26 19:24:49'),
	(1985, 52, '33.30%', '2024-05-26 19:24:50'),
	(1986, 53, '20.00cm', '2024-05-26 19:24:50'),
	(1987, 50, '26.00ÂºC', '2024-05-26 19:24:53'),
	(1988, 51, '37.00%', '2024-05-26 19:24:54'),
	(1989, 52, '32.63%', '2024-05-26 19:24:54'),
	(1990, 53, '21.00cm', '2024-05-26 19:24:54'),
	(1991, 50, '26.00ÂºC', '2024-05-26 19:25:00'),
	(1992, 51, '37.00%', '2024-05-26 19:25:01'),
	(1993, 52, '32.63%', '2024-05-26 19:25:01'),
	(1994, 53, '21.00cm', '2024-05-26 19:25:02'),
	(1995, 50, '26.00ÂºC', '2024-05-26 19:25:05'),
	(1996, 51, '37.00%', '2024-05-26 19:25:05'),
	(1997, 52, '31.22%', '2024-05-26 19:25:06'),
	(1998, 53, '357.00cm', '2024-05-26 19:25:06'),
	(1999, 50, '26.10ÂºC', '2024-05-26 19:25:10'),
	(2000, 51, '37.00%', '2024-05-26 19:25:10'),
	(2001, 52, '31.22%', '2024-05-26 19:25:10'),
	(2002, 53, '357.00cm', '2024-05-26 19:25:11'),
	(2003, 50, '26.10ÂºC', '2024-05-26 19:25:14'),
	(2004, 51, '37.00%', '2024-05-26 19:25:14'),
	(2005, 52, '31.00%', '2024-05-26 19:25:15'),
	(2006, 53, '13.00cm', '2024-05-26 19:25:15'),
	(2007, 50, '26.10ÂºC', '2024-05-26 19:25:18'),
	(2008, 51, '37.00%', '2024-05-26 19:25:19'),
	(2009, 52, '30.96%', '2024-05-26 19:25:19'),
	(2010, 53, '14.00cm', '2024-05-26 19:25:19'),
	(2011, 50, '26.10ÂºC', '2024-05-26 19:25:23'),
	(2012, 51, '37.00%', '2024-05-26 19:25:23'),
	(2013, 52, '30.93%', '2024-05-26 19:25:24'),
	(2014, 53, '13.00cm', '2024-05-26 19:25:24'),
	(2015, 50, '26.10ÂºC', '2024-05-26 19:25:28'),
	(2016, 51, '37.00%', '2024-05-26 19:25:28'),
	(2017, 52, '30.67%', '2024-05-26 19:25:28'),
	(2018, 53, '13.00cm', '2024-05-26 19:25:29'),
	(2019, 54, '26.10ÂºC', '2024-05-26 19:25:44'),
	(2020, 55, '37.00%', '2024-05-26 19:25:45'),
	(2021, 56, '30.63%', '2024-05-26 19:25:45'),
	(2022, 57, '13.00cm', '2024-05-26 19:25:45'),
	(2023, 54, '26.10ÂºC', '2024-05-26 19:25:49'),
	(2024, 55, '37.00%', '2024-05-26 19:25:49'),
	(2025, 56, '31.04%', '2024-05-26 19:25:49'),
	(2026, 57, '13.00cm', '2024-05-26 19:25:50'),
	(2027, 54, '26.10ÂºC', '2024-05-26 19:25:54'),
	(2028, 55, '37.00%', '2024-05-26 19:25:54'),
	(2029, 56, '30.26%', '2024-05-26 19:25:54'),
	(2030, 57, '13.00cm', '2024-05-26 19:25:54'),
	(2031, 54, '26.10ÂºC', '2024-05-26 19:25:58'),
	(2032, 55, '37.00%', '2024-05-26 19:25:58'),
	(2033, 56, '31.33%', '2024-05-26 19:25:58'),
	(2034, 57, '13.00cm', '2024-05-26 19:25:59'),
	(2035, 54, '26.10ÂºC', '2024-05-26 19:26:02'),
	(2036, 55, '37.00%', '2024-05-26 19:26:03'),
	(2037, 56, '31.48%', '2024-05-26 19:26:03'),
	(2038, 57, '13.00cm', '2024-05-26 19:26:03'),
	(2039, 54, '26.10ÂºC', '2024-05-26 19:26:07'),
	(2040, 55, '37.00%', '2024-05-26 19:26:07'),
	(2041, 56, '31.41%', '2024-05-26 19:26:07'),
	(2042, 57, '13.00cm', '2024-05-26 19:26:08'),
	(2043, 54, '26.10ÂºC', '2024-05-26 19:26:11'),
	(2044, 55, '37.00%', '2024-05-26 19:26:11'),
	(2045, 56, '31.15%', '2024-05-26 19:26:12'),
	(2046, 57, '4.00cm', '2024-05-26 19:26:12'),
	(2047, 54, '26.10ÂºC', '2024-05-26 19:26:15'),
	(2048, 55, '38.00%', '2024-05-26 19:26:16'),
	(2049, 56, '30.85%', '2024-05-26 19:26:16'),
	(2050, 57, '12.00cm', '2024-05-26 19:26:16'),
	(2051, 54, '26.10ÂºC', '2024-05-26 19:26:20'),
	(2052, 55, '38.00%', '2024-05-26 19:26:20'),
	(2053, 56, '30.78%', '2024-05-26 19:26:20'),
	(2054, 57, '6.00cm', '2024-05-26 19:26:21'),
	(2055, 54, '26.10ÂºC', '2024-05-26 19:26:24'),
	(2056, 55, '37.00%', '2024-05-26 19:26:24'),
	(2057, 56, '30.93%', '2024-05-26 19:26:25'),
	(2058, 57, '6.00cm', '2024-05-26 19:26:25'),
	(2059, 54, '26.10ÂºC', '2024-05-26 19:26:29'),
	(2060, 55, '37.00%', '2024-05-26 19:26:29'),
	(2061, 56, '30.78%', '2024-05-26 19:26:29'),
	(2062, 57, '16.00cm', '2024-05-26 19:26:30'),
	(2063, 54, '26.10ÂºC', '2024-05-26 19:26:34'),
	(2064, 55, '37.00%', '2024-05-26 19:26:34'),
	(2065, 56, '30.48%', '2024-05-26 19:26:34'),
	(2066, 57, '14.00cm', '2024-05-26 19:26:35'),
	(2067, 54, '26.10ÂºC', '2024-05-26 19:26:39'),
	(2068, 55, '37.00%', '2024-05-26 19:26:39'),
	(2069, 56, '30.37%', '2024-05-26 19:26:39'),
	(2070, 57, '13.00cm', '2024-05-26 19:26:39'),
	(2071, 54, '26.20ÂºC', '2024-05-26 19:26:43'),
	(2072, 55, '37.00%', '2024-05-26 19:26:44'),
	(2073, 56, '30.30%', '2024-05-26 19:26:44'),
	(2074, 57, '12.00cm', '2024-05-26 19:26:44'),
	(2075, 54, '26.10ÂºC', '2024-05-26 19:26:48'),
	(2076, 55, '37.00%', '2024-05-26 19:26:48'),
	(2077, 56, '30.15%', '2024-05-26 19:26:49'),
	(2078, 57, '12.00cm', '2024-05-26 19:26:49'),
	(2079, 54, '26.10ÂºC', '2024-05-26 19:26:53'),
	(2080, 55, '37.00%', '2024-05-26 19:26:53'),
	(2081, 56, '30.19%', '2024-05-26 19:26:53'),
	(2082, 57, '13.00cm', '2024-05-26 19:26:54'),
	(2083, 54, '26.20ÂºC', '2024-05-26 19:26:57'),
	(2084, 55, '37.00%', '2024-05-26 19:26:58'),
	(2085, 56, '29.96%', '2024-05-26 19:26:59'),
	(2086, 57, '11.00cm', '2024-05-26 19:26:59'),
	(2087, 54, '26.20ÂºC', '2024-05-26 19:27:02'),
	(2088, 55, '37.00%', '2024-05-26 19:27:03'),
	(2089, 56, '29.85%', '2024-05-26 19:27:03'),
	(2090, 57, '11.00cm', '2024-05-26 19:27:03'),
	(2091, 54, '26.10ÂºC', '2024-05-26 19:27:07'),
	(2092, 55, '37.00%', '2024-05-26 19:27:07'),
	(2093, 56, '29.78%', '2024-05-26 19:27:07'),
	(2094, 57, '10.00cm', '2024-05-26 19:27:08'),
	(2095, 54, '26.10ÂºC', '2024-05-26 19:27:11'),
	(2096, 55, '37.00%', '2024-05-26 19:27:11'),
	(2097, 56, '29.74%', '2024-05-26 19:27:12'),
	(2098, 57, '10.00cm', '2024-05-26 19:27:12'),
	(2099, 54, '26.10ÂºC', '2024-05-26 19:27:15'),
	(2100, 55, '37.00%', '2024-05-26 19:27:16'),
	(2101, 56, '29.74%', '2024-05-26 19:27:16'),
	(2102, 57, '10.00cm', '2024-05-26 19:27:16'),
	(2103, 54, '26.10ÂºC', '2024-05-26 19:27:20'),
	(2104, 55, '37.00%', '2024-05-26 19:27:20'),
	(2105, 56, '29.44%', '2024-05-26 19:27:21'),
	(2106, 57, '10.00cm', '2024-05-26 19:27:21'),
	(2107, 54, '26.20ÂºC', '2024-05-26 19:27:24'),
	(2108, 55, '37.00%', '2024-05-26 19:27:25'),
	(2109, 56, '29.67%', '2024-05-26 19:27:25'),
	(2110, 57, '9.00cm', '2024-05-26 19:27:25'),
	(2111, 54, '26.20ÂºC', '2024-05-26 19:27:29'),
	(2112, 55, '37.00%', '2024-05-26 19:27:29'),
	(2113, 56, '29.59%', '2024-05-26 19:27:29'),
	(2114, 57, '9.00cm', '2024-05-26 19:27:30'),
	(2115, 54, '26.20ÂºC', '2024-05-26 19:27:33'),
	(2116, 55, '37.00%', '2024-05-26 19:27:33'),
	(2117, 56, '29.52%', '2024-05-26 19:27:34'),
	(2118, 57, '9.00cm', '2024-05-26 19:27:34'),
	(2119, 54, '26.20ÂºC', '2024-05-26 19:27:38'),
	(2120, 55, '37.00%', '2024-05-26 19:27:38'),
	(2121, 56, '29.19%', '2024-05-26 19:27:38'),
	(2122, 57, '14.00cm', '2024-05-26 19:27:38'),
	(2123, 54, '26.20ÂºC', '2024-05-26 19:27:42'),
	(2124, 55, '37.00%', '2024-05-26 19:27:42'),
	(2125, 56, '28.63%', '2024-05-26 19:27:42'),
	(2126, 57, '13.00cm', '2024-05-26 19:27:43'),
	(2127, 54, '26.20ÂºC', '2024-05-26 19:27:46'),
	(2128, 55, '37.00%', '2024-05-26 19:27:47'),
	(2129, 56, '28.00%', '2024-05-26 19:27:47'),
	(2130, 57, '18.00cm', '2024-05-26 19:27:47'),
	(2131, 54, '26.20ÂºC', '2024-05-26 19:27:51'),
	(2132, 55, '37.00%', '2024-05-26 19:27:51'),
	(2133, 56, '27.41%', '2024-05-26 19:27:51'),
	(2134, 57, '17.00cm', '2024-05-26 19:27:52'),
	(2135, 54, '26.20ÂºC', '2024-05-26 19:27:55'),
	(2136, 55, '37.00%', '2024-05-26 19:27:56'),
	(2137, 56, '27.30%', '2024-05-26 19:27:56'),
	(2138, 57, '10.00cm', '2024-05-26 19:27:56'),
	(2139, 54, '26.10ÂºC', '2024-05-26 19:28:00'),
	(2140, 55, '37.00%', '2024-05-26 19:28:00'),
	(2141, 56, '27.07%', '2024-05-26 19:28:00'),
	(2142, 57, '14.00cm', '2024-05-26 19:28:01'),
	(2143, 54, '26.20ÂºC', '2024-05-26 19:28:04'),
	(2144, 55, '37.00%', '2024-05-26 19:28:04'),
	(2145, 56, '26.78%', '2024-05-26 19:28:05'),
	(2146, 57, '14.00cm', '2024-05-26 19:28:05'),
	(2147, 54, '26.10ÂºC', '2024-05-26 19:28:09'),
	(2148, 55, '37.00%', '2024-05-26 19:28:09'),
	(2149, 56, '27.41%', '2024-05-26 19:28:09'),
	(2150, 57, '14.00cm', '2024-05-26 19:28:09'),
	(2151, 54, '26.20ÂºC', '2024-05-26 19:28:13'),
	(2152, 55, '37.00%', '2024-05-26 19:28:13'),
	(2153, 56, '27.44%', '2024-05-26 19:28:14'),
	(2154, 57, '14.00cm', '2024-05-26 19:28:14'),
	(2155, 54, '26.20ÂºC', '2024-05-26 19:28:18'),
	(2156, 55, '37.00%', '2024-05-26 19:28:18'),
	(2157, 56, '27.89%', '2024-05-26 19:28:19'),
	(2158, 57, '17.00cm', '2024-05-26 19:28:19'),
	(2159, 54, '26.10ÂºC', '2024-05-26 19:28:23'),
	(2160, 55, '37.00%', '2024-05-26 19:28:23'),
	(2161, 56, '28.19%', '2024-05-26 19:28:23'),
	(2162, 57, '13.00cm', '2024-05-26 19:28:24'),
	(2163, 54, '26.10ÂºC', '2024-05-26 19:28:27'),
	(2164, 55, '37.00%', '2024-05-26 19:28:27'),
	(2165, 56, '28.07%', '2024-05-26 19:28:28'),
	(2166, 57, '11.00cm', '2024-05-26 19:28:28'),
	(2167, 54, '26.10ÂºC', '2024-05-26 19:28:31'),
	(2168, 55, '37.00%', '2024-05-26 19:28:32'),
	(2169, 56, '27.89%', '2024-05-26 19:28:32'),
	(2170, 57, '11.00cm', '2024-05-26 19:28:32'),
	(2171, 54, '26.10ÂºC', '2024-05-26 19:28:37'),
	(2172, 55, '37.00%', '2024-05-26 19:28:37'),
	(2173, 56, '27.67%', '2024-05-26 19:28:37'),
	(2174, 57, '11.00cm', '2024-05-26 19:28:38'),
	(2175, 54, '26.20ÂºC', '2024-05-26 19:28:41'),
	(2176, 55, '37.00%', '2024-05-26 19:28:42'),
	(2177, 56, '27.41%', '2024-05-26 19:28:42'),
	(2178, 57, '11.00cm', '2024-05-26 19:28:44'),
	(2179, 54, '26.10ÂºC', '2024-05-26 19:28:48'),
	(2180, 55, '37.00%', '2024-05-26 19:28:48'),
	(2181, 56, '26.70%', '2024-05-26 19:28:48'),
	(2182, 57, '11.00cm', '2024-05-26 19:28:49'),
	(2183, 54, '26.20ÂºC', '2024-05-26 19:28:52'),
	(2184, 55, '37.00%', '2024-05-26 19:28:53'),
	(2185, 56, '26.30%', '2024-05-26 19:28:53'),
	(2186, 57, '12.00cm', '2024-05-26 19:28:53'),
	(2187, 54, '26.10ÂºC', '2024-05-26 19:28:57'),
	(2188, 55, '37.00%', '2024-05-26 19:28:57'),
	(2189, 56, '26.22%', '2024-05-26 19:28:57'),
	(2190, 57, '11.00cm', '2024-05-26 19:28:58'),
	(2191, 54, '26.20ÂºC', '2024-05-26 19:29:01'),
	(2192, 55, '37.00%', '2024-05-26 19:29:02'),
	(2193, 56, '26.22%', '2024-05-26 19:29:02'),
	(2194, 57, '357.00cm', '2024-05-26 19:29:02'),
	(2195, 54, '26.20ÂºC', '2024-05-26 19:29:06'),
	(2196, 55, '37.00%', '2024-05-26 19:29:06'),
	(2197, 56, '29.74%', '2024-05-26 19:29:06'),
	(2198, 57, '12.00cm', '2024-05-26 19:29:07'),
	(2199, 54, '26.10ÂºC', '2024-05-26 19:29:10'),
	(2200, 55, '37.00%', '2024-05-26 19:29:10'),
	(2201, 56, '25.78%', '2024-05-26 19:29:11'),
	(2202, 57, '12.00cm', '2024-05-26 19:29:11'),
	(2203, 54, '26.20ÂºC', '2024-05-26 19:29:14'),
	(2204, 55, '37.00%', '2024-05-26 19:29:15'),
	(2205, 56, '25.93%', '2024-05-26 19:29:15'),
	(2206, 57, '12.00cm', '2024-05-26 19:29:15'),
	(2207, 54, '26.10ÂºC', '2024-05-26 19:29:19'),
	(2208, 55, '37.00%', '2024-05-26 19:29:19'),
	(2209, 56, '25.74%', '2024-05-26 19:29:20'),
	(2210, 57, '11.00cm', '2024-05-26 19:29:20'),
	(2211, 54, '26.10ÂºC', '2024-05-26 19:29:23'),
	(2212, 55, '37.00%', '2024-05-26 19:29:24'),
	(2213, 56, '25.67%', '2024-05-26 19:29:24'),
	(2214, 57, '11.00cm', '2024-05-26 19:29:24'),
	(2215, 58, '26.10ÂºC', '2024-05-26 19:29:41'),
	(2216, 59, '37.00%', '2024-05-26 19:29:42'),
	(2217, 60, '25.67%', '2024-05-26 19:29:42'),
	(2218, 61, '12.00cm', '2024-05-26 19:29:42'),
	(2219, 58, '26.10ÂºC', '2024-05-26 19:29:46'),
	(2220, 59, '37.00%', '2024-05-26 19:29:46'),
	(2221, 60, '25.81%', '2024-05-26 19:29:46'),
	(2222, 61, '12.00cm', '2024-05-26 19:29:47'),
	(2223, 58, '26.10ÂºC', '2024-05-26 19:29:50'),
	(2224, 59, '37.00%', '2024-05-26 19:29:50'),
	(2225, 60, '25.67%', '2024-05-26 19:29:51'),
	(2226, 61, '12.00cm', '2024-05-26 19:29:51'),
	(2227, 58, '26.10ÂºC', '2024-05-26 19:29:55'),
	(2228, 59, '37.00%', '2024-05-26 19:29:55'),
	(2229, 60, '25.59%', '2024-05-26 19:29:55'),
	(2230, 61, '12.00cm', '2024-05-26 19:29:55'),
	(2231, 58, '26.10ÂºC', '2024-05-26 19:29:59'),
	(2232, 59, '37.00%', '2024-05-26 19:29:59'),
	(2233, 60, '25.63%', '2024-05-26 19:29:59'),
	(2234, 61, '12.00cm', '2024-05-26 19:30:00'),
	(2235, 58, '26.10ÂºC', '2024-05-26 19:30:03'),
	(2236, 59, '37.00%', '2024-05-26 19:30:04'),
	(2237, 60, '25.59%', '2024-05-26 19:30:04'),
	(2238, 61, '12.00cm', '2024-05-26 19:30:04'),
	(2239, 58, '26.10ÂºC', '2024-05-26 19:30:08'),
	(2240, 59, '37.00%', '2024-05-26 19:30:08'),
	(2241, 60, '25.26%', '2024-05-26 19:30:08'),
	(2242, 61, '12.00cm', '2024-05-26 19:30:09'),
	(2243, 58, '26.10ÂºC', '2024-05-26 19:30:12'),
	(2244, 59, '37.00%', '2024-05-26 19:30:12'),
	(2245, 60, '25.26%', '2024-05-26 19:30:13'),
	(2246, 61, '11.00cm', '2024-05-26 19:30:13'),
	(2247, 58, '26.10ÂºC', '2024-05-26 19:30:16'),
	(2248, 59, '37.00%', '2024-05-26 19:30:17'),
	(2249, 60, '25.04%', '2024-05-26 19:30:17'),
	(2250, 61, '11.00cm', '2024-05-26 19:30:18'),
	(2251, 58, '26.10ÂºC', '2024-05-26 19:30:21'),
	(2252, 59, '37.00%', '2024-05-26 19:30:21'),
	(2253, 60, '25.04%', '2024-05-26 19:30:22'),
	(2254, 61, '12.00cm', '2024-05-26 19:30:22'),
	(2255, 58, '26.10ÂºC', '2024-05-26 19:30:26'),
	(2256, 59, '37.00%', '2024-05-26 19:30:26'),
	(2257, 60, '24.96%', '2024-05-26 19:30:26'),
	(2258, 61, '11.00cm', '2024-05-26 19:30:27'),
	(2259, 58, '26.10ÂºC', '2024-05-26 19:30:30'),
	(2260, 59, '37.00%', '2024-05-26 19:30:30'),
	(2261, 60, '25.04%', '2024-05-26 19:30:31'),
	(2262, 61, '11.00cm', '2024-05-26 19:30:31'),
	(2263, 58, '26.00ÂºC', '2024-05-26 19:30:35'),
	(2264, 59, '37.00%', '2024-05-26 19:30:35'),
	(2265, 60, '25.04%', '2024-05-26 19:30:35'),
	(2266, 61, '12.00cm', '2024-05-26 19:30:35'),
	(2267, 58, '26.00ÂºC', '2024-05-26 19:30:39'),
	(2268, 59, '37.00%', '2024-05-26 19:30:39'),
	(2269, 60, '25.04%', '2024-05-26 19:30:40'),
	(2270, 61, '12.00cm', '2024-05-26 19:30:40'),
	(2271, 58, '26.10ÂºC', '2024-05-26 19:30:43'),
	(2272, 59, '37.00%', '2024-05-26 19:30:44'),
	(2273, 60, '25.04%', '2024-05-26 19:30:44'),
	(2274, 61, '11.00cm', '2024-05-26 19:30:44'),
	(2275, 58, '26.00ÂºC', '2024-05-26 19:30:48'),
	(2276, 59, '37.00%', '2024-05-26 19:30:48'),
	(2277, 60, '24.78%', '2024-05-26 19:30:48'),
	(2278, 61, '11.00cm', '2024-05-26 19:30:49'),
	(2279, 58, '26.00ÂºC', '2024-05-26 19:30:52'),
	(2280, 59, '37.00%', '2024-05-26 19:30:52'),
	(2281, 60, '24.96%', '2024-05-26 19:30:53'),
	(2282, 61, '12.00cm', '2024-05-26 19:30:53'),
	(2283, 58, '26.00ÂºC', '2024-05-26 19:30:56'),
	(2284, 59, '37.00%', '2024-05-26 19:30:57'),
	(2285, 60, '24.81%', '2024-05-26 19:30:57'),
	(2286, 61, '11.00cm', '2024-05-26 19:30:57'),
	(2287, 58, '26.00ÂºC', '2024-05-26 19:31:01'),
	(2288, 59, '37.00%', '2024-05-26 19:31:01'),
	(2289, 60, '25.07%', '2024-05-26 19:31:01'),
	(2290, 61, '11.00cm', '2024-05-26 19:31:02'),
	(2291, 58, '26.00ÂºC', '2024-05-26 19:31:05'),
	(2292, 59, '37.00%', '2024-05-26 19:31:05'),
	(2293, 60, '25.22%', '2024-05-26 19:31:06'),
	(2294, 61, '11.00cm', '2024-05-26 19:31:06'),
	(2295, 58, '26.00ÂºC', '2024-05-26 19:31:10'),
	(2296, 59, '37.00%', '2024-05-26 19:31:10'),
	(2297, 60, '25.37%', '2024-05-26 19:31:10'),
	(2298, 61, '11.00cm', '2024-05-26 19:31:10'),
	(2299, 58, '26.00ÂºC', '2024-05-26 19:31:14'),
	(2300, 59, '37.00%', '2024-05-26 19:31:14'),
	(2301, 60, '25.52%', '2024-05-26 19:31:15'),
	(2302, 61, '11.00cm', '2024-05-26 19:31:15'),
	(2303, 58, '26.00ÂºC', '2024-05-26 19:31:18'),
	(2304, 59, '37.00%', '2024-05-26 19:31:19'),
	(2305, 60, '25.59%', '2024-05-26 19:31:19'),
	(2306, 61, '11.00cm', '2024-05-26 19:31:19'),
	(2307, 58, '26.00ÂºC', '2024-05-26 19:31:23'),
	(2308, 59, '37.00%', '2024-05-26 19:31:23'),
	(2309, 60, '26.74%', '2024-05-26 19:31:23'),
	(2310, 61, '12.00cm', '2024-05-26 19:31:24'),
	(2311, 58, '26.00ÂºC', '2024-05-26 19:31:27'),
	(2312, 59, '37.00%', '2024-05-26 19:31:27'),
	(2313, 60, '27.41%', '2024-05-26 19:31:28'),
	(2314, 61, '12.00cm', '2024-05-26 19:31:28'),
	(2315, 58, '26.00ÂºC', '2024-05-26 19:31:31'),
	(2316, 59, '37.00%', '2024-05-26 19:31:32'),
	(2317, 60, '27.41%', '2024-05-26 19:31:32'),
	(2318, 61, '12.00cm', '2024-05-26 19:31:32'),
	(2319, 58, '26.00ÂºC', '2024-05-26 19:31:36'),
	(2320, 59, '37.00%', '2024-05-26 19:31:36'),
	(2321, 60, '27.41%', '2024-05-26 19:31:36'),
	(2322, 61, '12.00cm', '2024-05-26 19:31:37'),
	(2323, 58, '26.00ÂºC', '2024-05-26 19:31:40'),
	(2324, 59, '37.00%', '2024-05-26 19:31:40'),
	(2325, 60, '27.52%', '2024-05-26 19:31:41'),
	(2326, 61, '12.00cm', '2024-05-26 19:31:41'),
	(2327, 58, '26.00ÂºC', '2024-05-26 19:31:45'),
	(2328, 59, '37.00%', '2024-05-26 19:31:45'),
	(2329, 60, '27.30%', '2024-05-26 19:31:45'),
	(2330, 61, '11.00cm', '2024-05-26 19:31:45'),
	(2331, 58, '26.00ÂºC', '2024-05-26 19:31:49'),
	(2332, 59, '37.00%', '2024-05-26 19:31:49'),
	(2333, 60, '27.33%', '2024-05-26 19:31:49'),
	(2334, 61, '11.00cm', '2024-05-26 19:31:50'),
	(2335, 58, '26.00ÂºC', '2024-05-26 19:31:53'),
	(2336, 59, '37.00%', '2024-05-26 19:31:54'),
	(2337, 60, '27.07%', '2024-05-26 19:31:54'),
	(2338, 61, '12.00cm', '2024-05-26 19:31:54'),
	(2339, 58, '26.00ÂºC', '2024-05-26 19:31:58'),
	(2340, 59, '37.00%', '2024-05-26 19:31:58'),
	(2341, 60, '26.63%', '2024-05-26 19:31:58'),
	(2342, 61, '12.00cm', '2024-05-26 19:31:59'),
	(2343, 58, '26.00ÂºC', '2024-05-26 19:32:02'),
	(2344, 59, '37.00%', '2024-05-26 19:32:02'),
	(2345, 60, '26.74%', '2024-05-26 19:32:03'),
	(2346, 61, '12.00cm', '2024-05-26 19:32:03'),
	(2347, 58, '26.00ÂºC', '2024-05-26 19:32:07'),
	(2348, 59, '37.00%', '2024-05-26 19:32:07'),
	(2349, 60, '26.67%', '2024-05-26 19:32:07'),
	(2350, 61, '12.00cm', '2024-05-26 19:32:07'),
	(2351, 58, '26.00ÂºC', '2024-05-26 19:32:11'),
	(2352, 59, '37.00%', '2024-05-26 19:32:11'),
	(2353, 60, '27.19%', '2024-05-26 19:32:12'),
	(2354, 61, '10.00cm', '2024-05-26 19:32:12'),
	(2355, 58, '26.00ÂºC', '2024-05-26 19:32:15'),
	(2356, 59, '37.00%', '2024-05-26 19:32:16'),
	(2357, 60, '26.78%', '2024-05-26 19:32:16'),
	(2358, 61, '10.00cm', '2024-05-26 19:32:16'),
	(2359, 58, '26.00ÂºC', '2024-05-26 19:32:20'),
	(2360, 59, '37.00%', '2024-05-26 19:32:20'),
	(2361, 60, '26.41%', '2024-05-26 19:32:20'),
	(2362, 61, '10.00cm', '2024-05-26 19:32:21'),
	(2363, 58, '26.00ÂºC', '2024-05-26 19:32:24'),
	(2364, 59, '37.00%', '2024-05-26 19:32:24'),
	(2365, 60, '26.78%', '2024-05-26 19:32:25'),
	(2366, 61, '10.00cm', '2024-05-26 19:32:25'),
	(2367, 58, '26.00ÂºC', '2024-05-26 19:32:28'),
	(2368, 59, '37.00%', '2024-05-26 19:32:29'),
	(2369, 60, '26.63%', '2024-05-26 19:32:29'),
	(2370, 61, '11.00cm', '2024-05-26 19:32:29'),
	(2371, 58, '26.00ÂºC', '2024-05-26 19:32:33'),
	(2372, 59, '37.00%', '2024-05-26 19:32:33'),
	(2373, 60, '26.78%', '2024-05-26 19:32:33'),
	(2374, 61, '15.00cm', '2024-05-26 19:32:34'),
	(2375, 58, '26.00ÂºC', '2024-05-26 19:32:37'),
	(2376, 59, '37.00%', '2024-05-26 19:32:37'),
	(2377, 60, '26.78%', '2024-05-26 19:32:38'),
	(2378, 61, '14.00cm', '2024-05-26 19:32:38'),
	(2379, 58, '26.00ÂºC', '2024-05-26 19:32:42'),
	(2380, 59, '37.00%', '2024-05-26 19:32:42'),
	(2381, 60, '26.74%', '2024-05-26 19:32:42'),
	(2382, 61, '357.00cm', '2024-05-26 19:32:42'),
	(2383, 58, '26.00ÂºC', '2024-05-26 19:32:46'),
	(2384, 59, '37.00%', '2024-05-26 19:32:46'),
	(2385, 60, '25.81%', '2024-05-26 19:32:47'),
	(2386, 61, '7.00cm', '2024-05-26 19:32:47'),
	(2387, 58, '26.00ÂºC', '2024-05-26 19:32:50'),
	(2388, 59, '37.00%', '2024-05-26 19:32:51'),
	(2389, 60, '26.26%', '2024-05-26 19:32:51'),
	(2390, 61, '7.00cm', '2024-05-26 19:32:51'),
	(2391, 58, '26.00ÂºC', '2024-05-26 19:32:55'),
	(2392, 59, '37.00%', '2024-05-26 19:32:55'),
	(2393, 60, '26.26%', '2024-05-26 19:32:55'),
	(2394, 61, '7.00cm', '2024-05-26 19:32:56'),
	(2395, 58, '26.00ÂºC', '2024-05-26 19:32:59'),
	(2396, 59, '37.00%', '2024-05-26 19:32:59'),
	(2397, 60, '26.22%', '2024-05-26 19:33:00'),
	(2398, 61, '8.00cm', '2024-05-26 19:33:00'),
	(2399, 58, '26.10ÂºC', '2024-05-26 19:33:03'),
	(2400, 59, '37.00%', '2024-05-26 19:33:04'),
	(2401, 60, '26.37%', '2024-05-26 19:33:04'),
	(2402, 61, '7.00cm', '2024-05-26 19:33:04'),
	(2403, 58, '26.10ÂºC', '2024-05-26 19:33:08'),
	(2404, 59, '37.00%', '2024-05-26 19:33:08'),
	(2405, 60, '26.52%', '2024-05-26 19:33:08'),
	(2406, 61, '21.00cm', '2024-05-26 19:33:09'),
	(2407, 58, '26.00ÂºC', '2024-05-26 19:42:12'),
	(2408, 59, '36.00%', '2024-05-26 19:42:12'),
	(2409, 60, '10.59%', '2024-05-26 19:42:12'),
	(2410, 61, '13.00cm', '2024-05-26 19:42:13'),
	(2411, 58, '26.00ÂºC', '2024-05-26 19:42:16'),
	(2412, 59, '36.00%', '2024-05-26 19:42:17'),
	(2413, 60, '10.59%', '2024-05-26 19:42:17'),
	(2414, 61, '13.00cm', '2024-05-26 19:42:17'),
	(2415, 58, '26.00ÂºC', '2024-05-26 19:42:21'),
	(2416, 59, '36.00%', '2024-05-26 19:42:22'),
	(2417, 60, '10.37%', '2024-05-26 19:42:22'),
	(2418, 61, '13.00cm', '2024-05-26 19:42:22'),
	(2419, 58, '26.00ÂºC', '2024-05-26 19:42:26'),
	(2420, 59, '36.00%', '2024-05-26 19:42:26'),
	(2421, 60, '10.30%', '2024-05-26 19:42:27'),
	(2422, 61, '357.00cm', '2024-05-26 19:42:27'),
	(2423, 58, '26.00ÂºC', '2024-05-26 19:42:32'),
	(2424, 59, '36.00%', '2024-05-26 19:42:32'),
	(2425, 60, '9.67%', '2024-05-26 19:42:33'),
	(2426, 61, '357.00cm', '2024-05-26 19:42:34'),
	(2427, 58, '26.00ÂºC', '2024-05-26 19:42:38'),
	(2428, 59, '36.00%', '2024-05-26 19:42:38'),
	(2429, 60, '8.93%', '2024-05-26 19:42:38'),
	(2430, 58, '26.00ÂºC', '2024-05-26 19:42:54'),
	(2431, 59, '36.00%', '2024-05-26 19:42:54'),
	(2432, 60, '7.26%', '2024-05-26 19:42:55'),
	(2433, 61, '20.00cm', '2024-05-26 19:42:55'),
	(2434, 58, '26.00ÂºC', '2024-05-26 19:42:59'),
	(2435, 59, '36.00%', '2024-05-26 19:42:59'),
	(2436, 60, '6.85%', '2024-05-26 19:42:59'),
	(2437, 61, '20.00cm', '2024-05-26 19:43:00'),
	(2438, 58, '26.10ÂºC', '2024-05-26 19:43:03'),
	(2439, 59, '36.00%', '2024-05-26 19:43:04'),
	(2440, 60, '6.19%', '2024-05-26 19:43:04'),
	(2441, 61, '20.00cm', '2024-05-26 19:43:04'),
	(2442, 58, '26.00ÂºC', '2024-05-26 19:43:08'),
	(2443, 59, '36.00%', '2024-05-26 19:43:08'),
	(2444, 60, '6.59%', '2024-05-26 19:43:08'),
	(2445, 61, '21.00cm', '2024-05-26 19:43:08'),
	(2446, 58, '26.10ÂºC', '2024-05-27 20:42:21'),
	(2447, 59, '48.00%', '2024-05-27 20:42:21'),
	(2448, 60, '11.04%', '2024-05-27 20:42:21'),
	(2449, 61, '357.00cm', '2024-05-27 20:42:22'),
	(2450, 58, '26.20ÂºC', '2024-05-27 20:42:27'),
	(2451, 59, '48.00%', '2024-05-27 20:42:27'),
	(2452, 60, '11.00%', '2024-05-27 20:42:27'),
	(2453, 61, '357.00cm', '2024-05-27 20:42:28'),
	(2454, 58, '26.20ÂºC', '2024-05-27 20:42:31'),
	(2455, 59, '47.00%', '2024-05-27 20:42:31'),
	(2456, 60, '10.81%', '2024-05-27 20:42:32'),
	(2457, 61, '10.00cm', '2024-05-27 20:42:32'),
	(2458, 58, '26.20ÂºC', '2024-05-27 20:42:35'),
	(2459, 59, '46.00%', '2024-05-27 20:42:36'),
	(2460, 60, '10.67%', '2024-05-27 20:42:36'),
	(2461, 61, '10.00cm', '2024-05-27 20:42:36'),
	(2462, 58, '26.20ÂºC', '2024-05-27 20:42:40'),
	(2463, 59, '46.00%', '2024-05-27 20:42:40'),
	(2464, 60, '10.63%', '2024-05-27 20:42:40'),
	(2465, 61, '10.00cm', '2024-05-27 20:42:41'),
	(2466, 58, '26.20ÂºC', '2024-05-27 20:42:44'),
	(2467, 59, '45.00%', '2024-05-27 20:42:44'),
	(2468, 60, '10.56%', '2024-05-27 20:42:45'),
	(2469, 61, '11.00cm', '2024-05-27 20:42:45'),
	(2470, 58, '26.20ÂºC', '2024-05-27 20:42:49'),
	(2471, 59, '45.00%', '2024-05-27 20:42:49'),
	(2472, 60, '10.30%', '2024-05-27 20:42:49'),
	(2473, 61, '10.00cm', '2024-05-27 20:42:49'),
	(2474, 58, '26.20ÂºC', '2024-05-27 20:42:53'),
	(2475, 59, '45.00%', '2024-05-27 20:42:53'),
	(2476, 60, '10.37%', '2024-05-27 20:42:54'),
	(2477, 61, '11.00cm', '2024-05-27 20:42:54'),
	(2478, 58, '26.20ÂºC', '2024-05-27 20:42:59'),
	(2479, 59, '44.00%', '2024-05-27 20:42:59'),
	(2480, 60, '10.37%', '2024-05-27 20:42:59'),
	(2481, 61, '11.00cm', '2024-05-27 20:43:00'),
	(2482, 58, '26.20ÂºC', '2024-05-27 20:43:03'),
	(2483, 59, '44.00%', '2024-05-27 20:43:03'),
	(2484, 60, '10.44%', '2024-05-27 20:43:04'),
	(2485, 61, '10.00cm', '2024-05-27 20:43:04'),
	(2486, 58, '26.20ÂºC', '2024-05-27 20:43:08'),
	(2487, 59, '44.00%', '2024-05-27 20:43:08'),
	(2488, 60, '10.22%', '2024-05-27 20:43:08'),
	(2489, 61, '10.00cm', '2024-05-27 20:43:09'),
	(2490, 58, '26.20ÂºC', '2024-05-27 20:43:13'),
	(2491, 59, '44.00%', '2024-05-27 20:43:13'),
	(2492, 60, '10.41%', '2024-05-27 20:43:13'),
	(2493, 61, '10.00cm', '2024-05-27 20:43:13'),
	(2494, 58, '26.20ÂºC', '2024-05-27 20:43:17'),
	(2495, 59, '44.00%', '2024-05-27 20:43:17'),
	(2496, 60, '10.44%', '2024-05-27 20:43:18'),
	(2497, 61, '11.00cm', '2024-05-27 20:43:18'),
	(2498, 58, '26.20ÂºC', '2024-05-27 20:43:21'),
	(2499, 59, '44.00%', '2024-05-27 20:43:22'),
	(2500, 60, '10.59%', '2024-05-27 20:43:22'),
	(2501, 61, '11.00cm', '2024-05-27 20:43:22'),
	(2502, 58, '26.20ÂºC', '2024-05-27 20:43:26'),
	(2503, 59, '44.00%', '2024-05-27 20:43:26'),
	(2504, 60, '10.59%', '2024-05-27 20:43:26'),
	(2505, 61, '10.00cm', '2024-05-27 20:43:27'),
	(2506, 58, '26.20ÂºC', '2024-05-27 20:43:30'),
	(2507, 59, '44.00%', '2024-05-27 20:43:30'),
	(2508, 60, '10.59%', '2024-05-27 20:43:31'),
	(2509, 61, '10.00cm', '2024-05-27 20:43:31'),
	(2510, 58, '26.20ÂºC', '2024-05-27 20:43:34'),
	(2511, 59, '44.00%', '2024-05-27 20:43:35'),
	(2512, 60, '10.44%', '2024-05-27 20:43:35'),
	(2513, 61, '10.00cm', '2024-05-27 20:43:35'),
	(2514, 58, '26.20ÂºC', '2024-05-27 20:43:39'),
	(2515, 59, '44.00%', '2024-05-27 20:43:39'),
	(2516, 60, '10.37%', '2024-05-27 20:43:40'),
	(2517, 61, '10.00cm', '2024-05-27 20:43:40'),
	(2518, 58, '26.20ÂºC', '2024-05-27 20:43:43'),
	(2519, 59, '44.00%', '2024-05-27 20:43:44'),
	(2520, 60, '10.26%', '2024-05-27 20:43:44'),
	(2521, 61, '10.00cm', '2024-05-27 20:43:44'),
	(2522, 58, '26.20ÂºC', '2024-05-27 20:43:48'),
	(2523, 59, '44.00%', '2024-05-27 20:43:48'),
	(2524, 60, '10.30%', '2024-05-27 20:43:48'),
	(2525, 61, '10.00cm', '2024-05-27 20:43:49'),
	(2526, 58, '26.30ÂºC', '2024-05-27 20:44:05'),
	(2527, 59, '44.00%', '2024-05-27 20:44:06'),
	(2528, 60, '9.89%', '2024-05-27 20:44:06'),
	(2529, 61, '10.00cm', '2024-05-27 20:44:06'),
	(2530, 58, '26.20ÂºC', '2024-05-27 20:44:10'),
	(2531, 59, '44.00%', '2024-05-27 20:44:10'),
	(2532, 60, '9.70%', '2024-05-27 20:44:10'),
	(2533, 61, '11.00cm', '2024-05-27 20:44:11'),
	(2534, 58, '26.30ÂºC', '2024-05-27 20:44:14'),
	(2535, 59, '44.00%', '2024-05-27 20:44:14'),
	(2536, 60, '12.78%', '2024-05-27 20:44:15'),
	(2537, 61, '357.00cm', '2024-05-27 20:44:15'),
	(2538, 58, '26.40ÂºC', '2024-05-27 20:44:18'),
	(2539, 59, '45.00%', '2024-05-27 20:44:19'),
	(2540, 60, '13.78%', '2024-05-27 20:44:19'),
	(2541, 61, '12.00cm', '2024-05-27 20:44:19'),
	(2542, 58, '26.40ÂºC', '2024-05-27 20:44:23'),
	(2543, 59, '46.00%', '2024-05-27 20:44:23'),
	(2544, 60, '13.59%', '2024-05-27 20:44:23'),
	(2545, 61, '12.00cm', '2024-05-27 20:44:24');

-- Volcando estructura para tabla piizensorium.relaciones
CREATE TABLE IF NOT EXISTS `relaciones` (
  `id_relacion` bigint(20) NOT NULL AUTO_INCREMENT,
  `id_user_logeado` bigint(20) NOT NULL,
  `id_user_relacion` bigint(20) NOT NULL,
  `tipo_relacion` varchar(255) NOT NULL,
  PRIMARY KEY (`id_relacion`),
  KEY `id_user_logeado` (`id_user_logeado`),
  KEY `id_user_relacion` (`id_user_relacion`),
  CONSTRAINT `relaciones_ibfk_1` FOREIGN KEY (`id_user_logeado`) REFERENCES `usuario` (`id_user`),
  CONSTRAINT `relaciones_ibfk_2` FOREIGN KEY (`id_user_relacion`) REFERENCES `usuario` (`id_user`)
) ENGINE=InnoDB AUTO_INCREMENT=12 DEFAULT CHARSET=utf8mb4 COLLATE=utf8mb4_general_ci;

-- Volcando datos para la tabla piizensorium.relaciones: ~10 rows (aproximadamente)
INSERT INTO `relaciones` (`id_relacion`, `id_user_logeado`, `id_user_relacion`, `tipo_relacion`) VALUES
	(1, 10, 7, 'AF'),
	(2, 7, 19, 'FB'),
	(3, 11, 6, 'AF'),
	(4, 6, 18, 'FB'),
	(5, 12, 5, 'AF'),
	(6, 5, 15, 'FB'),
	(7, 13, 4, 'AF'),
	(8, 4, 15, 'FB'),
	(9, 14, 3, 'AF'),
	(10, 3, 17, 'FB'),
	(11, 1, 19, 'FB');

-- Volcando estructura para tabla piizensorium.sensores
CREATE TABLE IF NOT EXISTS `sensores` (
  `id_sensor` bigint(20) NOT NULL AUTO_INCREMENT,
  `descripcion` varchar(255) DEFAULT NULL,
  `tipo` varchar(255) DEFAULT NULL,
  PRIMARY KEY (`id_sensor`)
) ENGINE=InnoDB AUTO_INCREMENT=66 DEFAULT CHARSET=utf8mb4 COLLATE=utf8mb4_general_ci;

-- Volcando datos para la tabla piizensorium.sensores: ~57 rows (aproximadamente)
INSERT INTO `sensores` (`id_sensor`, `descripcion`, `tipo`) VALUES
	(1, 'Sensor de Temperatura en ?C', 'Temperatura'),
	(2, 'Sensor de Humedad en %', 'Humedad'),
	(3, 'Sensor de Luz en %', 'Luz'),
	(4, 'Sensor de Distancia en cm', 'Distancia'),
	(5, 'Sensor de Temperatura en ?C', 'Temperatura'),
	(6, 'Sensor de Humedad en %', 'Humedad'),
	(7, 'Sensor de Luz en %', 'Luz'),
	(9, 'Sensor de Distancia en cm', 'Distancia'),
	(10, 'Sensor de Temperatura en ?C', 'Temperatura'),
	(11, 'Sensor de Humedad en %', 'Humedad'),
	(12, 'Sensor de Luz en %', 'Luz'),
	(13, 'Sensor de Distancia en cm', 'Distancia'),
	(14, 'Sensor de Temperatura en ?C', 'Temperatura'),
	(15, 'Sensor de Humedad en %', 'Humedad'),
	(17, 'Sensor de Luz en %', 'Luz'),
	(18, 'Sensor de Distancia en cm', 'Distancia'),
	(19, 'Sensor de Temperatura en ?C', 'Temperatura'),
	(20, 'Sensor de Humedad en %', 'Humedad'),
	(21, 'Sensor de Luz en %', 'Luz'),
	(22, 'Sensor de Distancia en cm', 'Distancia'),
	(23, 'Sensor de Temperatura en ?C', 'Temperatura'),
	(25, 'Sensor de Humedad en %', 'Humedad'),
	(26, 'Sensor de Luz en %', 'Luz'),
	(27, 'Sensor de Distancia en cm', 'Distancia'),
	(28, 'Sensor de Temperatura en ?C', 'Temperatura'),
	(30, 'Sensor de Humedad en %', 'Humedad'),
	(31, 'Sensor de Luz en %', 'Luz'),
	(32, 'Sensor de Distancia en cm', 'Distancia'),
	(33, 'Sensor de Temperatura en ?C', 'Temperatura'),
	(34, 'Sensor de Humedad en %', 'Humedad'),
	(35, 'Sensor de Luz en %', 'Luz'),
	(36, 'Sensor de Distancia en cm', 'Distancia'),
	(37, 'Sensor de Temperatura en ?C', 'Temperatura'),
	(38, 'Sensor de Humedad en %', 'Humedad'),
	(39, 'Sensor de Luz en %', 'Luz'),
	(40, 'Sensor de Distancia en cm', 'Distancia'),
	(41, 'Sensor de Temperatura en ?C', 'Temperatura'),
	(42, 'Sensor de Humedad en %', 'Humedad'),
	(43, 'Sensor de Luz en %', 'Luz'),
	(44, 'Sensor de Distancia en cm', 'Distancia'),
	(45, 'Sensor de Temperatura en ?C', 'Temperatura'),
	(47, 'Sensor de Humedad en %', 'Humedad'),
	(48, 'Sensor de Luz en %', 'Luz'),
	(49, 'Sensor de Distancia en cm', 'Distancia'),
	(50, 'Sensor de Temperatura en ?C', 'Temperatura'),
	(51, 'Sensor de Humedad en %', 'Humedad'),
	(52, 'Sensor de Luz en %', 'Luz'),
	(53, 'Sensor de Distancia en cm', 'Distancia'),
	(54, 'Sensor de Temperatura en ?C', 'Temperatura'),
	(55, 'Sensor de Humedad en %', 'Humedad'),
	(56, 'Sensor de Luz en %', 'Luz'),
	(57, 'Sensor de Distancia en cm', 'Distancia'),
	(58, 'Sensor de Temperatura en ?C', 'Temperatura'),
	(59, 'Sensor de Humedad en %', 'Humedad'),
	(60, 'Sensor de Luz en %', 'Luz'),
	(61, 'Sensor de Distancia en cm', 'Distancia');

-- Volcando estructura para tabla piizensorium.usuario
CREATE TABLE IF NOT EXISTS `usuario` (
  `id_user` bigint(20) NOT NULL AUTO_INCREMENT,
  `username` varchar(255) NOT NULL,
  `email` varchar(255) NOT NULL,
  `password` varchar(255) NOT NULL,
  `tipodecuenta` varchar(255) NOT NULL,
  `fecha_creacion` timestamp NOT NULL DEFAULT current_timestamp() ON UPDATE current_timestamp(),
  PRIMARY KEY (`id_user`)
) ENGINE=InnoDB AUTO_INCREMENT=20 DEFAULT CHARSET=utf8mb4 COLLATE=utf8mb4_general_ci;

-- Volcando datos para la tabla piizensorium.usuario: ~19 rows (aproximadamente)
INSERT INTO `usuario` (`id_user`, `username`, `email`, `password`, `tipodecuenta`, `fecha_creacion`) VALUES
	(1, 'anatorres55', 'anatorres55@gmail.com', '$2a$10$HzIoLZXVZlqZ67Z8wbuzbefXaaRTWdzwmN7Q4Z4FhCiQkb.qtcgk2', 'Familiar', '2024-05-24 16:34:22'),
	(2, 'carlosruiz44', 'carlosruiz45@gmail.com', '$2a$10$hNM27ko8R/54Sm9mv3hiS.B.nAfXqqtb50DWNVwpwIbeAF7aD6eXm', 'Familiar', '2024-05-24 16:34:57'),
	(3, 'martagomez16', 'martagomez16@gmail.com', '$2a$10$f8t9wlbTJLnEqBdWzdHqNuR4V0nzNsD9tjr/bVQyqjC21YIGicKvC', 'Familiar', '2024-05-24 16:35:21'),
	(4, 'luisfernandez97', 'luisfernandez97@gmail.com', '$2a$10$nlVkL0mBoWtNLPtcgNsQkuG.ddtcSdFqpA9Ln.amvoXVoVH9/1AAy', 'Familiar', '2024-05-24 16:35:41'),
	(5, 'sofiarodriguez38', 'sofiarodriguez38@gmail.com', '$2a$10$ZIUCe4je1NdU5z.cMuTY7uw9XDIVzQCGYDMgI.sDJt2xxWzsIru.a', 'Familiar', '2024-05-24 16:36:03'),
	(6, 'javierlopez28', 'javierlopez28@gmail.com', '$2a$10$Ki3BPXaxFDMwGo/C77tule0w1kXWlE6N9cdaipfPTtBaQOLJgHJRa', 'Familiar', '2024-05-24 16:38:40'),
	(7, 'patriciamartinez62', 'patriciamartinez62@gmail.com', '$2a$10$Hza9VIxVfiHYdgmPo3JznuVgQYMm3oPmXmCNufFYJgQEIT8YZW9wK', 'Familiar', '2024-05-24 16:39:06'),
	(8, 'manuelsanchez73', 'manuelsanchez73@gmail.com', '$2a$10$Xv.8RgD0ANCh8D22ZnaI..FJQRz9dZW0GWB6WX9BCAiJXFYMqF/7y', 'Familiar', '2024-05-24 16:39:25'),
	(9, 'lauragarcia59', 'lauragarcia59@gmail.com', '$2a$10$JoglkNMWeXJL4PfpPBVPKOpMwvOdI18p0JdbzIQb/f6txD4dcvpve', 'Familiar', '2024-05-24 16:39:44'),
	(10, 'elenajimenez40', 'elenajimenez40@gmail.com', '$2a$10$FzZ/PuHuiDs4MAW2Xs1Jte73q8tN4.6MLC7VRKwDjyYb3NAdJKRl6', 'Administrador', '2024-05-24 16:40:06'),
	(11, 'ricardoperez54', 'ricardoperez54@gmail.com', '$2a$10$MvcequQ97iUBNwyLpkpDleQTEH7eImFtRoFBL9jYXfZ.DW6PAbO9S', 'Administrador', '2024-05-24 16:40:33'),
	(12, 'sandragonzalez25', 'sandragonzalez25@gmail.com', '$2a$10$vV.bwOlYHzOk3g/iCTpILeoH38m5CB6Gz/17Yx2BFcbxy5HOeFBBS', 'Administrador', '2024-05-24 16:40:54'),
	(13, 'oscordiaz71', 'oscordiaz71@gmail.com', '$2a$10$dHoY2NN4UTwnQpgeYIfCEuZyBg1NkT9QzPRcgPw6QaUaBv9pHDkse', 'Administrador', '2024-05-24 16:41:13'),
	(14, 'irenealvarez93', 'irenealvarez93@gmail.com', '$2a$10$G/SDDTFafRAFufafUy/G1.bij8oFON2Pje0iSoLRgnzj8ytCfa/Re', 'Administrador', '2024-05-24 16:41:42'),
	(15, 'mariovidal77', 'mariovidal77@gmail.com', '$2a$10$hIM26Tncj34VaF3TWWpniONLpWO7gwm4MKKUyd.IasmdbDj/qmIa2', 'Usuario', '2024-05-24 16:42:04'),
	(16, 'luciamolina88', 'luciamolina88@gmail.com', '$2a$10$GLzjy67od9FqrfICIZVXsu2vTjiI3Eq5142XwJ72whYxrL0Rn15QO', 'Usuario', '2024-05-24 16:42:24'),
	(17, 'raulortiz66', 'raulortiz66@gmail.com', '$2a$10$i0CY0NPrQsjF51EvOvQhneySd0I28T3ly1APPEZuRTsek/LZrZ/TS', 'Usuario', '2024-05-27 16:06:21'),
	(18, 'beatrizmoreno50', 'beatrizmoreno50@gmail.com', '$2a$10$99VJRSxEk5Oli6MYnF57mup/dFPzJa8DYmlTjgV2XmmXrtjSe/jdK', 'Usuario', '2024-05-24 16:43:07'),
	(19, 'victorramos91', 'victorramos91@gmail.com', '$2a$10$O5nGTHsKbFCBtpWTRk/C8.mCXhfZMrMpHK3eqiSAdj8D0PiJN.Ayq', 'Usuario', '2024-05-24 16:43:30');

/*!40103 SET TIME_ZONE=IFNULL(@OLD_TIME_ZONE, 'system') */;
/*!40101 SET SQL_MODE=IFNULL(@OLD_SQL_MODE, '') */;
/*!40014 SET FOREIGN_KEY_CHECKS=IFNULL(@OLD_FOREIGN_KEY_CHECKS, 1) */;
/*!40101 SET CHARACTER_SET_CLIENT=@OLD_CHARACTER_SET_CLIENT */;
/*!40111 SET SQL_NOTES=IFNULL(@OLD_SQL_NOTES, 1) */;
